secchi,date,depth,alkalinity,calcium,chlorophyll_a_corrected,chlorophyll_a_total,chlorophyll_b_total,chloride,color,conductivity_25,conductivity_estimate,carbon_inorganic,carbon_organic,hardness,potassium,magnesium,sodium,ammonium,nitrite,nitrates_total,nitrogen,ph,phosphate,phosphorus_unfiltered,phosphorus_total,residue,silicates,sulphate,turbidity
4.1,27-Apr-04,21.7,36.300,12.400,1.000,0.500,0.100,6.200,14.800,111.000,120.000,8.000,3.600,44.800,0.690,3.360,4.060,0.009,0.002,0.289,0.190,7.890,0.001,0.004,5.4,0.500,1.100,8.900,0.310
4.0,10-Aug-04,21.8,43.750,14.400,2.333,3.400,0.133,6.350,6.550,127.000,136.000,9.300,3.100,52.000,0.720,3.910,3.970,0.009,0.004,0.140,0.220,8.005,0.001,0.008,5.7,0.900,0.480,10.000,0.610
5.3,27-Oct-04,21.9,47.650,16.000,2.000,2.700,0.100,6.300,6.200,138.000,146.500,11.100,2.750,57.900,0.745,4.400,4.040,0.004,0.002,0.201,0.200,7.945,0.001,0.007,5.3,0.500,0.370,10.350,0.285
6.3,26-Apr-05,20.2,54.250,17.850,1.000,0.600,0.100,7.650,5.500,155.000,166.000,12.400,2.550,64.700,0.895,4.910,4.820,0.011,0.002,0.240,0.180,8.010,0.001,0.006,2.3,0.500,1.140,11.300,0.085
4.4,26-Jul-05,20.8,66.050,22.750,2.000,2.933,0.200,8.700,4.050,180.500,194.500,15.450,2.700,79.700,0.920,5.580,5.210,0.004,0.002,0.176,0.210,8.240,0.001,0.004,4.4,1.000,0.800,11.000,0.370
9.0,26-Oct-05,20.6,73.250,22.950,1.000,1.100,0.100,7.000,1.200,181.000,203.000,16.800,1.900,84.000,0.740,6.490,4.300,0.005,0.002,0.215,0.180,8.180,0.001,0.005,2.8,0.500,0.780,13.500,0.220
4.6,28-Apr-04,8.8,59.200,19.600,1.000,0.733,0.100,5.400,9.300,151.000,171.000,13.500,2.600,71.000,0.780,5.400,3.400,0.020,0.004,0.271,0.180,8.110,0.001,0.002,3.8,0.600,0.820,12.500,0.330
5.2,11-Aug-04,9.5,68.750,22.300,1.000,1.467,0.100,5.900,1.100,177.500,192.000,15.200,1.900,80.700,0.850,6.110,3.710,0.012,0.003,0.126,0.200,8.305,0.001,0.012,3.9,0.800,0.600,13.500,1.015
7.3,26-Oct-04,8.9,71.950,23.200,1.000,0.900,0.100,6.100,1.500,184.000,200.000,16.400,1.900,84.700,0.895,6.510,3.950,0.014,0.002,0.254,0.185,8.145,0.001,0.005,4.4,0.600,1.220,13.200,0.365
4.9,27-Apr-04,23.2,45.100,15.200,1.000,0.867,0.100,6.200,9.300,130.000,142.000,10.300,3.000,55.200,0.750,4.180,3.960,0.013,0.001,0.298,0.180,8.010,0.001,0.006,4.1,0.500,0.920,10.500,0.190
4.2,10-Aug-04,25.9,49.050,16.000,2.000,2.800,0.100,6.250,5.400,139.000,147.500,11.300,3.000,57.900,0.720,4.380,3.980,0.013,0.005,0.156,0.200,8.040,0.001,0.007,5.0,0.500,0.480,10.700,0.455
6.2,27-Oct-04,26.6,50.600,16.250,1.000,2.000,0.100,6.300,5.300,144.000,151.500,11.550,2.500,59.900,0.740,4.720,4.030,0.007,0.002,0.207,0.190,7.940,0.001,0.008,3.7,0.550,0.660,10.650,0.225
3.3,27-Apr-04,9.4,33.300,11.600,1.000,0.667,0.100,6.200,17.700,106.000,113.000,7.300,3.700,41.400,0.630,3.060,4.000,0.006,0.002,0.281,0.200,7.820,0.001,0.003,5.9,0.700,1.120,8.600,0.530
3.3,10-Aug-04,9.6,43.300,14.500,2.000,2.833,0.100,6.250,6.850,127.500,135.000,9.100,2.950,52.000,0.715,3.860,3.950,0.011,0.004,0.148,0.205,8.010,0.001,0.009,4.8,1.350,0.500,10.100,0.565
4.5,27-Oct-04,9.2,47.100,15.700,2.000,2.867,0.100,6.300,6.550,136.500,145.000,10.750,2.700,57.300,0.720,4.390,4.100,0.007,0.002,0.184,0.190,7.910,0.001,0.007,4.9,0.750,0.500,10.200,0.610
2.5,28-Apr-05,15.5,9.900,3.750,1.000,2.400,0.300,5.650,19.200,53.000,55.500,1.450,4.200,14.000,0.540,1.100,3.670,0.014,0.003,0.188,0.240,7.220,0.001,0.012,6.3,1.350,1.620,5.550,0.650
3.9,28-Jul-05,16.7,53.700,17.600,2.000,2.000,0.300,6.800,5.400,149.500,158.500,12.300,2.750,63.900,0.775,4.860,4.160,0.002,0.004,0.141,0.230,8.095,0.001,0.005,4.7,0.800,0.900,10.300,0.440
5.5,25-Oct-05,15.7,58.800,,1.000,1.367,0.100,6.800,2.850,156.500,,13.500,2.450,,,,,0.005,0.001,0.102,0.190,8.030,0.001,0.006,5.5,0.750,0.920,11.750,0.495
6.9,27-Apr-04,16.4,64.100,20.600,1.000,0.600,0.100,6.000,3.700,172.000,182.000,14.800,1.900,75.000,0.850,5.740,3.780,0.008,0.002,0.293,0.140,7.900,0.001,0.002,2.4,0.500,0.720,13.000,0.170
6.4,10-Aug-04,16.9,67.750,20.600,1.000,1.200,0.100,6.300,2.150,177.000,186.000,14.850,2.200,74.900,0.825,5.740,3.900,0.007,0.005,0.226,0.165,8.175,0.001,0.007,3.3,0.850,0.600,13.100,0.310
6.6,27-Oct-04,16.6,64.700,21.350,1.000,1.000,0.100,6.200,2.450,175.500,186.500,14.900,1.900,78.400,0.840,6.130,3.910,0.009,0.002,0.234,0.160,8.060,0.001,0.005,3.1,0.500,0.710,12.700,0.235
3.0,18-Jun-03,13.2,36.800,11.500,2.000,3.133,0.200,4.200,18.250,108.500,113.000,8.150,4.100,43.000,0.690,3.500,3.020,0.015,0.003,0.117,0.290,7.800,0.001,0.012,12.2,2.000,0.760,9.950,1.360
5.9,10-Sep-03,12.2,56.850,18.250,1.000,2.000,0.100,5.600,4.800,159.000,166.500,13.550,2.900,68.300,0.780,5.540,3.560,0.002,0.010,0.177,0.210,8.115,0.001,0.007,3.7,0.600,0.740,12.650,0.455
2.1,06-Nov-03,13.4,29.700,10.100,1.000,2.133,0.200,4.650,18.200,91.500,100.500,6.650,4.950,37.500,0.690,3.000,3.180,0.014,0.003,0.099,0.270,7.855,0.001,0.010,9.8,1.600,0.820,8.750,1.415
> 11.5,27-Apr-05,11.5,68.050,22.200,1.000,0.333,0.100,6.100,1.300,179.000,193.500,15.600,1.650,81.300,0.865,6.310,3.760,0.006,0.003,0.275,0.130,8.135,0.001,0.006,1.8,0.550,0.800,13.650,0.085
8.0,28-Jul-05,11.4,70.750,22.850,1.000,0.933,0.167,6.900,1.150,187.000,198.000,16.200,2.050,82.800,0.870,6.260,4.180,0.012,0.003,0.274,0.175,8.235,0.001,0.002,6.8,0.750,0.660,12.400,0.255
7.0,25-Oct-05,11.5,72.700,,1.000,0.500,0.100,6.700,1.150,178.000,,16.600,1.700,,,,,0.011,0.002,0.223,0.165,8.140,0.001,0.003,2.8,0.500,0.810,13.400,0.350
3.5,27-Apr-05,4.0,47.500,16.200,1.000,1.733,0.200,4.200,15.750,129.500,140.500,10.600,3.600,58.800,0.680,4.490,2.730,0.015,0.003,0.170,0.225,7.925,0.001,0.009,5.2,1.100,1.080,10.600,0.685
3.2,28-Jul-05,3.9,69.650,22.050,2.000,2.467,0.200,7.000,3.500,181.000,193.500,16.200,2.450,80.700,0.780,6.230,4.250,0.016,0.003,0.109,0.245,8.250,0.001,0.004,6.7,1.900,1.100,12.100,1.055
> 3.7,25-Oct-05,3.7,72.300,,1.000,0.600,0.100,7.000,3.100,175.000,,16.400,2.300,,,,,0.018,0.001,0.056,0.250,8.115,0.001,0.008,4.7,0.550,1.250,13.500,0.335
7.5,27-Apr-05,25.0,46.650,15.850,1.000,1.033,0.100,5.800,4.450,133.000,144.000,10.150,2.300,57.800,0.730,4.450,3.660,0.008,0.002,0.211,0.160,7.945,0.001,0.005,3.0,0.500,0.920,10.600,0.310
5.1,28-Jul-05,25.3,63.750,20.550,1.000,1.600,0.100,6.900,2.250,170.000,181.500,14.750,2.050,74.600,0.815,5.680,4.200,0.006,0.003,0.175,0.195,8.190,0.001,0.002,6.5,1.200,0.580,11.500,0.415
7.0,25-Oct-05,25.1,65.700,,1.000,1.000,0.100,6.700,1.100,164.000,,15.350,2.050,,,,,0.011,0.003,0.159,0.200,8.120,0.001,0.006,3.6,0.550,0.930,12.500,0.285
3.6,28-Apr-05,10.0,34.100,11.450,1.000,1.400,0.167,3.200,14.500,97.000,104.500,7.800,3.500,42.500,0.595,3.370,2.220,0.020,0.003,0.174,0.225,7.755,0.001,0.009,4.7,1.050,1.100,8.600,0.670
6.0,28-Jul-05,9.8,68.550,21.800,1.000,1.667,0.100,7.000,1.500,181.000,192.000,15.650,2.250,79.500,0.815,6.100,4.230,0.010,0.003,0.204,0.190,8.200,0.001,0.002,7.0,0.800,0.740,12.250,0.820
6.0,25-Oct-05,9.3,72.700,,1.000,0.700,0.100,6.800,2.050,175.500,,16.450,1.900,,,,,0.012,0.002,0.126,0.200,8.115,0.001,0.005,4.6,0.800,0.890,13.750,0.590
8.7,28-Apr-05,13.8,58.650,19.750,1.000,0.733,0.100,5.900,3.850,161.000,173.500,13.900,2.000,72.700,0.840,5.690,3.680,0.010,0.003,0.265,0.155,8.090,0.001,0.006,2.1,0.500,0.900,12.200,0.170
10.0,28-Jul-05,14.2,70.600,22.550,1.000,0.933,0.100,6.850,0.400,187.500,197.000,16.200,1.900,82.200,0.865,6.290,4.180,0.012,0.004,0.249,0.175,8.160,0.001,0.002,3.5,0.500,0.650,12.600,0.245
9.0,25-Oct-05,14.8,74.000,,1.000,0.500,0.100,6.650,0.850,186.000,,16.650,1.600,,,,,0.003,0.003,0.234,0.165,8.160,0.001,0.003,2.4,0.500,0.780,14.050,0.385
14.2,27-Apr-05,25.4,71.650,23.450,1.000,0.400,0.100,6.300,0.250,188.000,203.000,16.550,1.650,86.100,0.900,6.720,3.860,0.003,0.003,0.298,0.130,8.160,0.001,0.007,1.4,0.650,0.780,14.050,0.050
9.0,28-Jul-05,25.5,72.150,22.950,1.000,0.933,0.100,6.800,1.400,187.000,200.000,16.550,1.850,83.500,0.865,6.400,4.140,0.002,0.004,0.265,0.205,8.255,0.001,0.002,2.9,0.600,0.630,12.650,0.180
11.0,24-Oct-05,25.7,74.700,,1.000,0.800,0.100,6.650,1.050,188.000,,17.200,1.650,,,,,0.003,0.002,0.267,0.140,8.135,0.001,0.006,2.5,0.650,0.600,13.950,0.380
9.0,27-Apr-05,24.5,56.900,18.900,1.000,0.733,0.100,6.000,4.200,156.500,168.000,13.150,2.150,69.100,0.815,5.350,3.710,0.005,0.003,0.263,0.150,8.050,0.001,0.007,2.1,0.500,0.960,11.900,0.135
7.0,28-Jul-05,29.2,70.400,22.550,1.000,0.967,0.100,6.850,3.200,186.500,196.500,16.600,1.900,82.100,0.855,6.290,4.160,0.002,0.003,0.249,0.185,8.245,0.001,0.002,2.8,0.600,0.660,12.500,0.210
8.5,24-Oct-05,25.8,75.450,,1.000,0.800,0.100,6.650,0.700,190.000,,17.250,1.700,,,,,0.004,0.002,0.265,0.130,8.145,0.001,0.005,3.2,1.550,0.580,13.850,0.170
2.9,28-Apr-05,17.4,11.850,4.725,2.000,3.700,0.367,5.000,16.950,56.000,59.400,2.050,4.100,17.500,0.570,1.380,3.250,0.017,0.003,0.137,0.250,7.285,0.001,0.012,8.7,1.400,1.490,5.950,0.895
5.1,28-Jul-05,18.4,37.950,12.350,2.000,2.367,0.300,6.300,3.150,116.000,119.500,8.300,3.300,44.600,0.630,3.400,4.070,0.014,0.003,0.049,0.245,7.925,0.001,0.004,7.8,0.950,0.890,8.200,0.835
3.0,25-Oct-05,17.5,39.400,,2.000,2.900,0.100,6.500,10.200,115.000,,9.100,3.100,,,,,0.006,0.002,0.046,0.195,7.885,0.001,0.007,7.9,1.150,0.910,9.150,3.220
2.9,28-Apr-05,5.4,20.300,7.325,2.000,3.533,0.400,4.850,12.000,72.500,78.200,3.400,3.850,26.900,0.615,2.090,3.210,0.012,0.002,0.113,0.230,7.590,0.001,0.013,9.3,1.350,1.320,6.900,0.740
3.4,28-Jul-05,5.3,35.600,11.700,4.000,4.833,0.567,6.100,6.500,109.000,112.500,7.500,3.350,42.000,0.600,3.120,3.950,0.013,0.003,0.019,0.255,7.745,0.001,0.007,12.7,1.750,0.890,7.700,1.225
4.0,25-Oct-05,4.8,48.350,,3.000,3.567,0.167,6.750,5.400,135.500,,11.200,2.750,,,,,0.008,0.002,0.024,0.255,7.990,0.001,0.009,8.8,1.000,1.140,10.550,0.600
> 3.7,28-Apr-05,3.6,37.750,13.050,1.000,0.900,0.100,5.450,11.750,113.000,122.500,8.600,3.050,48.100,0.715,3.740,3.520,0.012,0.003,0.206,0.195,7.900,0.001,0.010,3.5,0.850,1.160,9.300,0.335
> 4.0,28-Jul-05,4.0,67.800,21.550,1.000,1.000,0.100,6.850,5.800,181.500,189.500,15.700,2.300,78.400,0.830,6.010,4.170,0.019,0.003,0.198,0.205,8.125,0.001,0.002,6.6,1.200,0.780,12.150,0.490
> 3.6,25-Oct-05,3.5,70.800,,1.000,0.500,0.100,6.750,1.900,180.500,,16.150,1.800,,,,,0.014,0.002,0.199,0.180,8.130,0.001,0.005,4.3,0.500,0.840,13.600,0.265
4.1,28-Apr-05,27.9,40.300,13.950,1.000,1.200,0.100,5.700,9.250,120.000,130.000,8.550,2.900,51.200,0.755,4.000,3.610,0.009,0.003,0.220,0.265,7.920,0.001,0.012,3.7,0.550,1.160,9.750,0.330
8.2,28-Jul-05,28.9,69.000,22.250,1.000,1.133,0.100,6.900,1.550,182.000,194.000,16.300,2.150,80.600,0.855,6.110,4.130,0.011,0.004,0.241,0.170,8.235,0.001,0.002,5.8,0.600,0.690,12.400,0.315
8.0,25-Oct-05,29.2,72.200,,1.000,0.800,0.100,6.750,1.250,183.000,,16.850,1.900,,,,,0.008,0.003,0.234,0.150,8.085,0.002,0.003,3.0,0.500,0.820,13.550,0.520
2.6,28-Apr-05,4.5,6.750,2.975,1.000,1.100,0.100,5.900,19.500,49.000,50.600,1.500,4.150,11.200,0.550,0.910,3.940,0.005,0.003,0.191,0.220,7.035,0.001,0.011,5.8,0.900,1.720,5.450,0.690
3.3,28-Jul-05,4.0,16.150,5.650,2.000,3.033,0.400,6.200,15.300,67.000,68.900,2.850,4.250,20.600,0.550,1.570,4.130,0.002,0.003,0.013,0.280,7.255,0.001,0.006,11.2,1.000,1.340,5.150,1.025
4.0,25-Oct-05,4.2,26.200,,2.000,2.333,0.100,6.600,7.400,89.000,,5.850,3.350,,,,,0.004,0.001,0.005,0.225,7.695,0.001,0.008,7.6,0.550,0.790,7.450,0.575
2.6,28-Apr-05,5.8,48.050,16.350,1.000,0.900,0.100,5.550,26.550,133.500,145.000,9.600,4.100,58.600,0.720,4.330,3.230,0.022,0.005,0.186,0.255,7.950,0.001,0.010,7.2,0.850,1.630,10.800,0.655
2.1,27-Jul-05,5.6,67.350,22.450,3.000,3.667,0.500,6.900,6.000,177.000,190.500,15.250,2.500,80.400,0.835,5.940,4.140,0.018,0.005,0.130,0.255,8.165,0.001,0.008,12.0,2.500,0.620,11.600,1.180
> 5.5,26-Oct-05,5.5,70.550,22.350,1.000,1.033,0.100,6.900,3.850,174.000,197.000,16.450,2.250,81.800,0.935,6.330,4.180,0.014,0.002,0.099,0.210,8.095,0.001,0.007,6.1,0.800,0.940,13.100,0.695
8.1,28-Apr-05,20.0,63.050,19.950,1.000,0.300,0.100,5.700,10.900,166.500,178.000,12.950,2.500,73.200,0.800,5.710,3.530,0.013,0.004,0.257,0.180,8.055,0.001,0.007,3.0,0.500,1.060,13.000,0.180
4.6,27-Jul-05,19.2,70.700,23.600,2.000,2.167,0.300,6.900,2.650,187.000,200.000,16.100,2.050,84.700,0.885,6.280,4.250,0.008,0.004,0.228,0.205,8.140,0.001,0.005,4.3,1.350,0.680,12.200,0.750
13.0,26-Oct-05,20.3,75.050,23.650,1.000,0.567,0.100,6.700,1.400,183.500,207.500,17.350,1.650,86.700,0.920,6.750,4.040,0.008,0.002,0.248,0.160,8.140,0.001,0.003,3.1,0.500,0.620,13.900,0.240
16.5,28-Apr-05,30.2,67.300,21.000,1.000,0.267,0.100,6.350,2.800,176.000,188.500,15.750,2.200,77.200,0.840,6.060,3.940,0.005,0.003,0.285,0.140,8.150,0.001,0.006,1.5,0.500,0.840,13.300,0.065
6.2,27-Jul-05,31.0,71.950,23.850,1.000,1.167,0.100,6.800,2.250,188.000,202.000,16.450,1.650,85.700,0.905,6.350,4.210,0.006,0.003,0.290,0.180,8.175,0.001,0.004,3.3,0.950,0.700,12.450,0.225
9.0,26-Oct-05,32.1,75.200,23.250,1.000,0.600,0.100,6.650,0.600,184.500,206.500,17.150,1.650,86.000,0.905,6.790,4.010,0.005,0.002,0.253,0.160,8.160,0.001,0.004,2.4,0.500,0.590,13.850,0.175
18.5,27-Apr-05,36.3,72.950,23.500,1.000,0.400,0.100,6.400,0.200,187.500,204.500,16.750,1.650,86.000,0.925,6.650,3.920,0.004,0.004,0.294,0.130,8.175,0.001,0.007,1.5,0.550,0.800,13.900,0.050
9.5,27-Jul-05,34.9,72.250,23.800,1.000,0.867,0.100,6.850,1.450,189.500,202.500,16.450,1.800,85.700,0.890,6.360,4.250,0.004,0.003,0.325,0.170,8.180,0.001,0.003,3.2,0.700,0.660,12.450,0.170
10.0,24-Oct-05,35.8,74.450,,1.000,0.900,0.100,6.500,3.350,189.000,,17.100,1.850,,,,,0.005,0.001,0.268,0.145,8.140,0.001,0.003,2.4,0.600,0.570,14.050,0.200
> 9.1,28-Apr-05,9.1,66.350,20.450,1.000,0.200,0.100,6.250,4.950,173.000,186.000,15.450,2.650,76.000,0.840,6.040,3.880,0.009,0.004,0.269,0.150,8.175,0.001,0.006,1.3,0.500,0.780,13.100,0.065
6.5,27-Jul-05,8.1,71.650,23.650,1.000,1.200,0.100,7.050,1.250,188.000,202.000,16.700,1.850,85.000,0.905,6.310,4.320,0.014,0.005,0.235,0.180,8.270,0.001,0.002,4.3,1.000,0.730,12.400,0.265
> 8.3,26-Oct-05,8.2,74.800,22.650,1.000,0.500,0.100,6.600,0.950,186.000,204.500,17.200,1.750,84.400,0.915,6.800,4.020,0.005,0.003,0.256,0.165,8.200,0.001,0.004,2.1,0.500,0.620,13.900,0.150
4.0,28-Apr-05,4.5,51.050,15.650,1.000,0.500,0.100,5.800,15.150,136.000,147.500,11.350,4.000,57.600,0.730,4.480,3.690,0.013,0.004,0.212,0.205,7.990,0.001,0.009,3.2,0.600,1.060,10.600,0.380
3.8,27-Jul-05,4.5,69.650,22.800,2.000,2.033,0.100,7.100,2.900,183.500,196.000,16.500,2.350,82.100,0.875,6.110,4.400,0.006,0.003,0.175,0.220,8.175,0.001,0.005,4.9,1.400,0.860,11.900,0.655
> 4.2,26-Oct-05,4.2,73.700,22.450,1.000,0.700,0.100,6.900,1.250,182.500,202.000,16.600,1.950,83.200,0.940,6.580,4.140,0.013,0.002,0.206,0.195,8.150,0.001,0.005,3.4,0.500,0.830,13.500,0.290
17.5,27-Apr-05,25.7,66.850,21.150,1.000,0.300,0.100,6.800,2.350,174.000,189.500,14.800,1.950,77.400,0.885,6.000,4.230,0.004,0.003,0.264,0.145,8.125,0.001,0.009,1.3,0.500,0.900,12.800,0.065
7.0,27-Jul-05,17.4,71.800,23.950,1.000,1.200,0.100,7.000,1.800,188.000,202.500,16.850,2.000,86.000,0.910,6.380,4.320,0.005,0.003,0.234,0.230,8.210,0.001,0.005,3.1,0.750,0.690,12.350,0.185
13.0,24-Oct-05,24.8,74.800,,1.000,0.600,0.100,6.700,1.100,188.500,,17.200,1.750,,,,,0.005,0.002,0.264,0.140,8.155,0.001,0.003,3.6,0.750,0.600,13.850,0.145
> 7.9,28-Apr-05,7.9,59.500,18.100,1.000,0.300,0.100,6.600,5.500,157.000,169.000,13.550,2.750,66.500,0.800,5.190,4.120,0.012,0.003,0.243,0.175,8.095,0.001,0.006,2.0,0.500,0.940,11.850,0.080
3.4,27-Jul-05,7.7,70.150,23.150,2.000,2.033,0.100,7.250,2.850,185.500,198.500,16.550,2.350,83.400,0.905,6.240,4.470,0.005,0.003,0.199,0.220,8.185,0.001,0.006,4.9,1.700,0.800,12.050,0.650
> 7.5 ,26-Oct-05,7.5,73.250,22.950,1.000,0.600,0.100,6.750,1.300,181.500,203.500,16.800,1.850,84.700,0.930,6.690,4.170,0.006,0.002,0.229,0.190,8.175,0.001,0.004,3.1,0.500,0.740,13.700,0.240
10.0,27-Apr-05,24.0,61.150,20.650,1.000,0.467,0.100,7.600,4.200,169.500,183.500,14.400,2.200,74.800,0.905,5.660,4.640,0.006,0.003,0.243,0.165,8.095,0.001,0.008,2.2,0.500,1.020,12.250,0.080
5.0,26-Jul-05,25.0,68.200,23.500,2.000,2.500,0.200,8.250,3.400,181.000,198.500,15.600,2.600,82.800,0.910,5.860,4.970,0.002,0.002,0.195,0.200,8.240,0.001,0.004,4.2,0.850,0.780,11.300,0.475
8.0,26-Oct-05,24.8,75.100,23.500,1.000,0.700,0.100,6.750,0.550,184.000,207.000,16.850,1.750,86.200,0.945,6.690,4.070,0.004,0.002,0.247,0.165,8.200,0.001,0.005,2.7,0.500,0.680,13.850,0.130
5.8,27-Apr-05,7.0,37.500,13.100,1.000,0.833,0.133,6.600,11.150,116.500,124.500,8.750,3.100,47.200,0.745,3.550,4.160,0.017,0.003,0.193,0.205,7.895,0.001,0.007,2.8,0.600,1.200,8.900,0.225
3.5,26-Jul-05,7.2,65.450,22.700,3.000,3.300,0.200,8.450,5.000,176.000,192.500,14.800,2.750,79.600,0.895,5.570,5.050,0.004,0.002,0.134,0.220,8.260,0.001,0.006,5.3,1.300,0.900,10.900,0.480
> 6.8,26-Oct-05,6.8,71.200,22.950,1.000,0.767,0.100,7.450,2.100,180.500,201.000,16.400,2.150,82.900,0.900,6.250,4.490,0.013,0.002,0.143,0.210,8.165,0.001,0.008,3.6,0.500,1.020,13.100,0.310
7.2,27-Apr-05,12.5,45.350,15.550,1.000,0.700,0.100,6.950,8.400,133.500,144.500,10.600,2.800,56.300,0.800,4.230,4.380,0.017,0.003,0.224,0.200,7.945,0.001,0.006,2.5,0.500,1.180,10.000,0.170
3.0,26-Jul-05,12.8,66.850,23.150,2.667,3.100,0.200,8.500,4.000,180.000,195.500,15.400,2.750,81.000,0.910,5.680,5.120,0.003,0.002,0.162,0.205,8.270,0.001,0.003,5.4,1.150,0.860,11.100,0.505
8.0,26-Oct-05,12.2,72.050,23.200,1.000,1.000,0.100,7.400,1.950,179.500,203.000,16.350,2.050,84.200,1.005,6.370,4.450,0.007,0.001,0.169,0.200,8.175,0.001,0.006,3.3,0.500,0.960,13.050,0.325
2.2,26-Apr-05,13.2,6.200,2.850,1.667,2.833,0.367,3.900,28.950,39.000,41.400,1.050,4.550,10.600,0.465,0.830,2.600,0.011,0.003,0.135,0.270,6.755,0.001,0.012,8.3,1.450,1.680,5.100,0.785
2.4,26-Jul-05,14.2,9.300,4.000,3.000,5.200,0.500,5.200,24.600,49.500,50.900,1.400,5.550,14.100,0.530,1.000,3.570,0.014,0.002,0.016,0.315,7.025,0.001,0.008,8.2,1.200,0.890,4.200,0.850
3.0,27-Oct-05,13.5,10.150,4.400,4.000,4.967,0.467,6.100,16.950,52.500,59.000,1.800,4.250,15.700,0.615,1.170,4.280,0.017,0.002,0.007,0.265,7.165,0.001,0.010,8.5,1.400,1.280,5.450,1.020
2.3,26-Apr-05,8.1,11.900,4.650,2.000,2.600,0.300,3.550,33.750,50.500,53.750,2.350,5.500,17.000,0.505,1.300,2.480,0.022,0.003,0.135,0.305,7.165,0.001,0.010,8.9,1.600,1.720,5.850,0.890
2.0,26-Jul-05,8.8,27.000,9.850,4.000,5.633,0.933,5.700,22.900,90.000,93.900,6.150,5.000,34.800,0.600,2.470,3.730,0.019,0.002,0.026,0.340,7.425,0.001,0.009,11.6,1.800,0.860,6.200,1.300
3.0,27-Oct-05,9.5,22.900,8.100,4.000,4.567,0.300,6.200,12.000,79.000,89.100,4.850,4.000,29.800,0.740,2.340,4.350,0.019,0.002,0.021,0.250,7.595,0.001,0.009,8.7,1.800,1.140,7.150,0.840
3.0,26-Apr-05,15.8,20.700,7.425,2.000,2.733,0.300,4.400,26.650,73.000,78.000,4.550,4.800,27.100,0.615,2.080,3.040,0.027,0.003,0.157,0.280,7.460,0.001,0.008,7.3,1.000,1.620,7.100,0.650
2.5,26-Jul-05,16.3,48.250,17.050,3.333,4.367,0.800,7.200,11.250,139.500,149.000,11.150,3.750,59.800,0.765,4.190,4.500,0.011,0.003,0.082,0.275,7.955,0.001,0.007,7.1,1.400,0.900,8.900,1.235
4.0,27-Oct-05,17.1,48.450,17.000,2.000,2.667,0.200,6.800,6.700,134.000,153.000,11.000,3.100,61.500,0.825,4.650,4.530,0.016,0.002,0.066,0.220,8.000,0.001,0.008,7.1,0.800,1.160,10.400,0.500
7.1,26-Apr-05,18.1,51.750,16.950,1.000,0.600,0.100,8.800,8.100,153.000,163.000,11.950,2.850,61.100,0.920,4.590,5.500,0.010,0.003,0.225,0.200,7.985,0.001,0.006,2.6,0.500,1.290,10.800,0.115
6.7,26-Jul-05,18.4,70.100,23.750,1.000,1.400,0.100,8.100,2.550,185.000,201.500,16.300,2.250,84.000,0.920,6.010,4.890,0.009,0.004,0.217,0.190,8.220,0.001,0.004,5.7,0.850,0.740,11.650,0.310
7.0,26-Oct-05,18.0,74.100,23.450,1.000,1.133,0.100,7.000,1.400,182.000,205.500,16.500,1.800,85.300,0.925,6.540,4.290,0.003,0.003,0.219,0.205,8.200,0.001,0.004,3.3,0.650,0.780,13.500,0.205
6.0,26-Apr-05,18.0,47.650,15.900,1.000,0.800,0.100,9.250,10.850,146.000,155.000,10.800,3.200,56.700,0.920,4.140,5.800,0.013,0.004,0.220,0.220,7.980,0.001,0.006,3.7,0.500,1.410,10.150,0.650
6.0,26-Jul-05,18.4,68.900,23.200,1.000,1.733,0.133,8.200,4.150,185.500,199.000,16.400,2.350,82.400,0.935,5.950,5.020,0.004,0.003,0.201,0.200,8.165,0.002,0.005,4.4,0.750,0.760,11.550,0.300
8.0,27-Oct-05,17.8,71.050,25.000,1.000,1.300,0.100,7.300,2.400,180.500,208.500,16.150,2.100,88.800,0.950,6.430,4.720,0.013,0.003,0.190,0.180,8.185,0.001,0.004,4.0,0.700,0.900,13.300,0.240
2.5,26-Apr-05,8.2,7.800,3.250,2.000,2.300,0.200,5.450,22.400,47.500,51.000,1.350,4.350,11.900,0.600,0.920,3.770,0.010,0.003,0.180,0.235,7.005,0.001,0.014,7.3,1.450,1.860,5.400,0.720
2.1,27-Jul-05,8.3,21.850,7.900,4.000,5.567,0.933,7.850,18.550,86.000,88.400,4.800,4.550,27.800,0.645,1.960,4.980,0.016,0.005,0.038,0.290,7.410,0.001,0.005,8.0,1.200,0.910,5.800,0.850
3.0,27-Oct-05,7.3,22.000,8.075,5.333,6.633,0.433,7.400,11.500,81.000,91.000,4.700,3.900,29.200,0.745,2.180,5.030,0.008,0.002,0.045,0.240,7.640,0.001,0.008,7.3,1.100,1.230,6.750,0.515
3.0,26-Apr-05,31.7,7.450,3.325,1.000,1.467,0.167,6.200,18.100,51.000,53.950,1.650,4.100,12.200,0.630,0.950,4.220,0.004,0.002,0.201,0.215,7.040,0.001,0.013,4.8,1.150,1.760,5.600,0.485
3.0,27-Jul-05,33.2,19.750,7.075,3.000,3.900,0.667,7.650,19.250,80.000,82.450,4.100,4.350,24.900,0.635,1.770,4.890,0.025,0.004,0.046,0.270,7.355,0.001,0.004,7.0,1.200,0.960,5.550,0.690
4.0,27-Oct-05,33.7,19.050,7.150,2.000,2.767,0.267,7.150,11.800,75.500,83.450,4.050,3.800,25.900,0.690,1.950,4.900,0.008,0.001,0.066,0.240,7.535,0.001,0.008,6.1,1.150,1.330,6.450,0.515
3.0,26-Apr-05,25.2,8.000,3.500,1.000,1.400,0.167,6.350,18.900,52.000,55.700,1.550,4.050,12.800,0.630,0.980,4.260,0.007,0.003,0.199,0.225,7.095,0.001,0.012,4.9,0.500,1.770,5.700,0.595
2.5,27-Jul-05,24.6,29.100,10.400,3.333,4.800,0.767,8.300,13.900,102.000,107.000,6.100,4.100,35.800,0.725,2.420,5.330,0.023,0.004,0.058,0.285,7.625,0.001,0.005,6.7,1.650,0.900,6.500,0.675
4.0,27-Oct-05,26.0,36.500,13.200,2.000,2.933,0.233,8.000,8.950,112.000,128.000,8.200,3.450,47.100,0.785,3.450,5.250,0.010,0.003,0.085,0.225,7.855,0.001,0.007,6.2,1.050,1.250,8.550,0.535
3.2,26-Apr-05,31.9,14.950,5.650,1.000,1.367,0.133,7.100,18.150,69.500,73.850,3.100,3.900,20.300,0.695,1.500,4.720,0.009,0.003,0.195,0.225,7.345,0.001,0.012,5.6,0.750,1.740,6.400,0.440
3.2,26-Jul-05,31.5,48.450,16.900,3.333,4.400,0.400,9.700,10.100,145.000,155.500,11.400,3.650,58.500,0.835,3.970,5.850,0.010,0.003,0.099,0.240,8.010,0.001,0.004,6.4,1.150,0.880,8.500,0.605
5.8,27-Oct-05,32.6,56.300,19.450,2.000,1.900,0.100,8.450,5.650,154.000,175.500,12.900,2.750,69.800,0.900,5.180,5.420,0.016,0.003,0.108,0.215,8.065,0.001,0.007,5.7,0.750,1.130,11.300,0.360
4.1,26-Apr-05,18.4,35.700,11.950,1.000,0.933,0.100,9.000,14.300,116.500,126.000,7.800,3.450,42.400,0.845,3.060,5.620,0.011,0.003,0.206,0.220,7.820,0.001,0.008,4.0,0.500,1.580,8.650,0.395
4.0,26-Jul-05,17.6,65.050,21.850,2.000,2.667,0.200,9.100,4.450,177.000,191.500,15.550,2.800,76.900,0.915,5.420,5.470,0.005,0.003,0.168,0.210,8.160,0.001,0.004,5.3,0.850,0.840,10.800,0.385
7.0,27-Oct-05,17.4,63.500,22.100,1.000,1.400,0.100,8.200,3.850,166.000,191.500,14.600,2.450,78.700,0.930,5.720,5.270,0.009,0.002,0.140,0.195,8.110,0.001,0.005,4.8,0.750,1.020,12.100,0.295
3.3,26-Apr-05,36.7,38.800,14.400,1.000,2.000,0.200,14.600,18.900,143.000,154.500,8.900,4.650,48.200,0.995,2.990,8.900,0.005,0.002,0.139,0.310,7.820,0.001,0.010,6.2,0.900,1.560,9.100,0.555
2.5,27-Jul-05,39.0,31.050,11.150,3.000,3.933,0.433,10.300,14.950,112.000,117.000,7.100,4.500,38.000,0.730,2.490,6.260,0.017,0.004,0.019,0.295,7.660,0.001,0.005,7.2,1.200,0.700,6.700,0.750
5.0,27-Oct-05,38.6,32.900,11.750,2.000,2.533,0.200,9.200,10.250,107.000,122.000,7.450,3.700,41.600,0.810,2.990,5.980,0.003,0.001,0.058,0.235,7.795,0.002,0.008,6.8,1.050,1.160,8.000,0.485
3.7,26-Apr-05,18.6,25.100,9.500,2.000,2.600,0.200,10.250,17.100,99.000,107.500,5.500,4.450,32.600,0.815,2.150,6.100,0.004,0.002,0.166,0.285,7.600,0.001,0.009,7.2,1.000,1.610,7.400,0.555
2.7,27-Jul-05,17.4,33.200,11.750,3.000,4.133,0.400,9.500,12.250,115.500,119.500,7.550,4.100,40.600,0.740,2.760,5.790,0.007,0.004,0.039,0.285,7.745,0.001,0.005,7.4,1.400,0.780,7.100,0.835
3.0,27-Oct-05,16.6,41.750,15.150,4.000,4.500,0.300,9.500,9.450,127.500,145.500,9.300,3.600,53.400,0.860,3.790,6.180,0.012,0.003,0.028,0.255,7.925,0.002,0.010,10.0,1.750,1.150,9.050,1.075
3.6,25-Apr-05,4.9,18.300,6.825,1.000,1.500,0.100,7.500,17.800,77.000,82.700,4.300,4.300,24.200,0.700,1.730,4.830,0.005,0.002,0.185,0.255,7.440,0.001,0.008,4.8,1.050,1.650,6.700,0.520
2.5,25-Jul-05,5.0,41.200,14.400,2.333,3.333,0.433,9.900,10.900,133.500,139.000,9.800,3.950,49.600,0.805,3.350,5.980,0.038,0.003,0.066,0.255,7.725,0.001,0.007,8.2,1.600,0.940,7.800,0.825
> 4.6,27-Oct-05,4.6,52.800,18.200,1.333,1.767,0.133,8.800,6.350,147.000,168.000,12.300,2.900,65.500,0.890,4.910,5.640,0.021,0.002,0.005,0.220,8.020,0.001,0.009,5.7,0.500,1.170,10.950,0.410
3.1,25-Apr-05,4.5,15.350,5.875,1.000,1.300,0.133,7.050,18.950,69.500,74.500,3.700,4.350,20.900,0.680,1.540,4.610,0.006,0.003,0.193,0.285,7.390,0.001,0.008,4.1,0.600,1.680,6.300,0.445
3.2,26-Jul-05,4.5,47.200,16.350,2.333,3.200,0.300,9.800,10.700,144.000,152.500,10.900,3.700,56.800,0.845,3.860,5.970,0.016,0.003,0.079,0.255,7.970,0.001,0.005,7.3,1.500,0.900,8.400,0.635
> 4.2,27-Oct-05,4.2,55.700,18.150,1.000,1.300,0.100,8.950,5.750,153.500,170.000,12.750,2.800,65.100,0.885,4.810,5.410,0.011,0.002,0.094,0.250,8.075,0.001,0.007,5.4,0.650,1.160,11.000,0.345
4.0,25-Apr-05,5.6,56.850,19.550,1.000,1.800,0.200,11.400,11.100,165.500,181.000,13.000,3.700,67.000,1.045,4.410,6.960,0.009,0.002,0.078,0.305,8.005,0.001,0.010,6.5,1.300,1.390,10.350,0.660
3.5,25-Jul-05,5.3,59.600,20.600,2.000,2.533,0.200,13.650,8.550,180.000,189.500,14.050,4.100,69.500,0.940,4.430,7.980,0.008,0.001,0.005,0.290,8.045,0.001,0.009,12.0,1.050,0.990,8.750,0.645
5.0,27-Oct-05,5.3,63.500,21.100,1.000,1.200,0.100,13.150,6.800,181.500,201.500,14.800,3.550,74.100,1.055,5.180,7.980,0.042,0.002,0.005,0.275,8.105,0.001,0.010,7.8,0.800,2.040,11.400,0.540
2.3,25-Apr-05,2.6,66.600,22.850,2.000,2.700,0.200,15.950,16.800,197.000,216.500,15.250,4.450,76.500,1.225,4.730,9.530,0.011,0.003,0.096,0.345,8.045,0.001,0.012,10.8,2.450,1.300,11.300,1.700
> 2.5,25-Jul-05,2.7,69.500,23.350,1.000,1.667,0.100,13.350,7.650,197.500,211.000,16.000,3.600,80.100,0.950,5.290,7.720,0.020,0.003,0.044,0.290,8.155,0.001,0.013,11.8,2.150,1.380,10.200,0.710
> 2.1,27-Oct-05,2.3,70.800,23.750,1.000,0.867,0.100,12.400,5.850,190.500,218.500,16.000,3.300,84.600,1.275,6.150,7.760,0.034,0.002,0.007,0.255,8.140,0.001,0.010,6.7,0.700,1.250,12.550,0.510
2.8,25-Apr-05,16.5,39.750,14.650,5.000,6.533,0.400,14.350,14.500,145.500,156.500,9.250,4.250,49.400,0.930,3.150,9.160,0.011,0.003,0.115,0.335,7.765,0.001,0.013,11.4,1.950,1.620,9.200,1.090
2.5,25-Jul-05,15.5,37.100,12.950,3.000,4.933,0.300,13.850,14.200,136.500,140.000,8.350,4.800,43.400,0.730,2.690,8.370,0.012,0.001,0.005,0.320,7.790,0.001,0.011,12.0,1.550,1.100,6.600,1.065
2.5,28-Oct-05,15.5,45.150,16.450,5.000,5.933,0.400,14.050,9.950,147.500,167.000,10.550,4.250,56.600,0.875,3.770,8.910,0.004,0.002,0.014,0.280,7.915,0.001,0.011,10.5,0.900,1.640,9.200,0.955
2.2,25-Apr-05,11.2,52.800,19.500,7.667,9.000,0.400,19.900,27.600,189.000,204.000,12.000,5.400,64.200,1.190,3.780,12.300,0.015,0.004,0.073,0.390,7.760,0.001,0.015,14.0,2.300,1.700,10.100,1.560
3.5,25-Jul-05,11.8,60.850,20.950,2.000,2.600,0.200,20.800,15.550,205.500,214.500,14.350,5.300,69.500,1.015,4.170,11.900,0.009,0.001,0.007,0.380,8.065,0.001,0.011,13.6,1.150,0.860,8.900,0.710
3.5,28-Oct-05,10.9,66.000,23.950,1.000,1.700,0.133,23.600,12.650,219.000,247.500,15.200,4.800,80.800,1.425,5.080,14.550,0.039,0.002,0.005,0.350,8.065,0.001,0.011,10.5,1.850,0.870,11.800,1.165
2.6,25-Apr-05,4.4,37.100,13.450,1.000,1.900,0.200,11.950,18.200,130.000,141.000,8.000,4.300,45.800,0.920,2.960,7.700,0.009,0.003,0.150,0.300,7.790,0.001,0.010,6.9,1.550,1.660,8.650,0.965
2.0,25-Jul-05,4.4,41.750,14.050,2.667,3.700,0.400,12.050,14.950,140.000,144.000,9.800,4.350,48.100,0.805,3.180,7.270,0.019,0.003,0.026,0.305,7.860,0.001,0.009,11.0,2.600,1.170,7.300,1.370
> 2.9,28-Oct-05,4.1,53.900,18.400,1.000,1.500,0.100,11.750,7.350,159.500,175.500,12.250,3.600,63.300,0.925,4.210,6.970,0.003,0.002,0.063,0.245,8.060,0.001,0.007,6.0,0.750,1.280,10.850,0.590
4.1,26-Apr-05,33.1,69.050,24.400,1.000,1.467,0.133,15.950,15.150,209.500,227.500,16.000,4.050,82.800,1.265,5.370,9.690,0.018,0.004,0.186,0.330,8.075,0.001,0.010,6.7,0.900,1.600,12.200,0.355
4.5,26-Jul-05,33.5,69.350,23.450,1.667,1.967,0.133,9.150,3.350,186.500,202.500,16.250,2.550,82.600,0.930,5.860,5.420,0.004,0.003,0.190,0.190,8.195,0.001,0.003,5.1,0.900,0.810,11.550,0.445
6.0,27-Oct-05,34.9,72.200,23.050,1.000,1.267,0.100,9.700,3.400,185.500,210.000,16.250,2.600,83.200,0.980,6.270,6.050,0.011,0.002,0.107,0.215,8.160,0.001,0.005,5.4,0.650,0.740,12.800,0.375
2.0,19-Jun-03,3.8,9.200,3.975,1.000,2.867,0.300,3.350,26.500,45.500,48.850,1.800,4.950,14.100,0.620,1.030,2.540,0.024,0.005,0.125,0.300,7.135,0.001,0.010,12.5,1.150,1.540,6.300,1.070
2.0,11-Sep-03,4.2,22.550,7.825,2.333,3.800,0.300,4.400,15.550,77.500,80.500,5.200,4.450,28.200,0.645,2.120,2.910,0.019,0.004,0.038,0.290,7.620,0.001,0.006,6.5,0.900,0.890,7.400,0.915
1.4,05-Nov-03,4.7,8.050,3.400,1.000,2.467,0.300,3.450,41.500,40.000,43.550,1.600,6.650,12.100,0.595,0.890,2.370,0.015,0.006,0.090,0.345,7.160,0.001,0.015,16.6,4.650,1.600,5.250,3.080
1.5,03-May-04,3.3,7.200,3.150,1.000,1.733,0.100,3.300,42.800,37.000,41.300,1.300,6.300,11.200,0.580,0.800,2.460,0.019,0.004,0.169,0.340,6.930,0.001,0.011,16.7,2.400,2.040,4.800,2.280
3.0,12-Aug-04,3.7,37.550,11.800,2.000,3.100,0.200,4.350,15.550,107.500,113.000,8.200,3.450,43.400,0.705,3.390,2.960,0.014,0.005,0.117,0.260,7.855,0.001,0.013,8.7,0.950,0.800,8.950,1.135
3.0,25-Oct-04,2.9,13.350,4.700,3.667,4.333,0.433,3.700,21.650,52.500,55.600,3.000,4.850,16.900,0.715,1.230,2.880,0.023,0.002,0.041,0.305,7.330,0.002,0.014,12.3,2.000,1.140,5.600,1.450
2.2,19-Jun-03,6.0,38.200,12.400,1.000,1.400,0.100,4.500,16.500,110.500,117.500,8.350,3.150,45.000,0.735,3.420,3.090,0.024,0.005,0.192,0.245,7.880,0.001,0.007,11.0,1.200,1.080,9.750,1.035
2.5,11-Sep-03,5.3,47.350,15.850,2.000,2.567,0.233,5.300,8.000,135.000,142.500,10.850,3.150,57.500,0.745,4.370,3.270,0.021,0.004,0.101,0.245,8.000,0.001,0.006,4.7,1.400,0.760,11.050,0.860
1.9,05-Nov-03,5.8,20.100,7.100,1.000,1.800,0.200,3.850,27.550,68.000,73.450,4.500,5.350,25.700,0.645,1.950,2.590,0.015,0.004,0.123,0.285,7.680,0.001,0.010,10.2,1.700,1.360,6.950,1.655
4.9,19-Jun-03,7.8,64.500,20.500,1.000,0.700,0.100,5.500,4.950,170.500,182.500,14.800,1.800,74.800,0.860,5.780,3.690,0.016,0.005,0.236,0.190,8.185,0.001,0.004,4.9,0.450,0.680,13.750,0.470
4.6,11-Sep-03,7.6,64.350,21.150,1.000,1.533,0.100,5.850,3.200,175.000,184.500,14.000,2.200,77.300,0.815,5.970,3.490,0.015,0.004,0.178,0.185,8.155,0.001,0.002,2.0,1.200,0.670,13.600,0.595
3.6,05-Nov-03,8.0,49.750,16.550,1.000,1.167,0.100,5.150,11.650,136.500,147.500,11.450,3.350,60.300,0.765,4.600,3.200,0.011,0.003,0.205,0.245,8.115,0.001,0.008,6.5,1.500,0.880,11.100,1.370
4.6,19-Jun-03,6.1,63.500,20.500,1.000,0.600,0.100,5.500,4.800,168.000,180.500,14.700,1.900,74.600,0.845,5.730,3.610,0.024,0.005,0.201,0.180,8.140,0.001,0.004,5.8,0.950,0.640,13.650,0.565
3.9,11-Sep-03,5.5,69.750,22.100,1.000,1.400,0.100,5.950,1.350,180.000,194.000,14.000,2.000,80.900,0.830,6.280,3.540,0.014,0.003,0.156,0.200,8.165,0.001,0.002,3.3,1.350,0.740,14.000,0.705
3.5,05-Nov-03,6.1,45.100,14.850,1.000,1.200,0.100,4.750,18.650,123.500,134.000,9.850,4.200,53.900,0.780,4.110,3.000,0.020,0.003,0.171,0.260,8.060,0.001,0.007,6.1,0.700,0.960,10.200,1.000
5.5,19-Jun-03,8.8,66.300,21.200,1.000,0.600,0.100,5.600,4.450,173.500,187.000,15.500,1.800,77.500,0.870,5.990,3.700,0.019,0.004,0.219,0.175,8.195,0.001,0.003,4.9,0.600,0.620,13.900,0.450
3.7,11-Sep-03,8.5,68.450,21.950,1.000,1.700,0.100,5.900,1.700,181.500,192.000,14.200,1.900,80.300,0.835,6.220,3.480,0.017,0.005,0.189,0.200,8.150,0.001,0.002,3.2,1.450,0.740,14.150,0.830
4.1,05-Nov-03,9.0,62.450,20.350,1.000,1.467,0.100,5.600,10.200,163.500,177.500,14.150,3.100,74.100,0.820,5.660,3.370,0.014,0.003,0.223,0.210,8.180,0.001,0.005,5.0,0.750,0.810,12.750,0.815
6.8,19-Jun-03,9.1,67.200,21.150,1.000,0.400,0.100,5.700,2.750,180.000,188.000,15.650,1.600,77.500,0.865,6.020,3.700,0.014,0.004,0.241,0.165,8.205,0.001,0.003,4.1,0.400,0.620,14.050,0.240
5.0,11-Sep-03,8.6,68.300,22.150,1.000,1.333,0.100,6.000,1.350,183.500,194.000,16.600,2.300,81.200,0.845,6.300,3.530,0.015,0.007,0.205,0.185,8.175,0.001,0.002,1.8,0.850,0.690,14.300,0.485
5.1,05-Nov-03,9.1,64.450,20.550,1.000,1.300,0.100,5.650,6.800,163.000,180.000,14.150,2.700,74.800,0.815,5.710,3.440,0.013,0.003,0.230,0.205,8.205,0.001,0.005,4.8,0.550,0.760,12.850,0.790
1.9,19-Jun-03,6.2,34.900,11.400,2.000,2.767,0.200,6.000,25.400,112.500,115.000,7.850,5.050,41.600,0.745,3.200,4.080,0.039,0.006,0.122,0.335,7.885,0.002,0.012,15.4,2.000,1.450,9.200,1.480
2.3,11-Sep-03,5.6,46.900,15.550,2.000,2.633,0.200,6.100,12.200,135.000,143.000,11.800,5.100,56.900,0.515,4.410,3.880,0.017,0.005,0.005,0.305,7.990,0.001,0.008,8.8,1.500,1.380,10.650,1.050
1.4,05-Nov-03,6.5,36.250,12.350,2.000,2.667,0.100,6.500,46.300,107.500,117.500,8.200,7.800,44.600,0.655,3.370,4.120,0.015,0.004,0.037,0.385,7.910,0.002,0.013,14.4,2.100,1.930,7.650,2.280
3.4,19-Jun-03,11.4,56.650,17.900,1.000,1.200,0.100,5.500,8.750,157.000,163.500,12.850,2.600,65.800,0.835,5.130,3.700,0.034,0.004,0.164,0.245,8.120,0.001,0.008,7.4,0.800,0.820,12.400,0.775
4.8,11-Sep-03,10.8,63.350,20.650,1.000,1.633,0.100,5.950,3.750,171.500,181.500,14.250,2.850,75.400,0.765,5.820,3.620,0.016,0.004,0.097,0.220,8.145,0.001,0.004,3.5,1.150,1.040,13.450,0.830
3.0,05-Nov-03,11.0,59.300,18.950,1.000,1.600,0.100,5.650,17.850,152.000,167.000,12.950,4.100,68.600,0.780,5.180,3.460,0.022,0.003,0.159,0.275,8.135,0.001,0.009,8.3,2.550,1.100,11.650,1.985
4.9,19-Jun-03,9.6,59.850,18.900,1.000,0.800,0.100,5.400,5.600,167.000,170.000,13.900,2.200,69.400,0.830,5.420,3.560,0.034,0.004,0.182,0.225,8.145,0.001,0.006,5.8,0.450,0.710,13.000,0.505
4.3,11-Sep-03,9.3,67.050,21.750,1.000,2.033,0.100,6.000,2.250,179.000,190.000,15.750,2.100,79.800,0.825,6.210,3.560,0.007,0.004,0.142,0.185,8.165,0.001,0.002,2.5,0.950,0.920,14.050,0.855
5.4,05-Nov-03,9.8,62.050,20.800,1.000,1.567,0.100,5.700,8.800,164.000,179.000,14.500,2.950,75.200,0.795,5.690,3.500,0.018,0.002,0.202,0.235,8.180,0.001,0.005,5.5,0.650,0.880,12.850,0.780
7.5,19-Jun-03,22.4,66.650,20.800,1.000,0.600,0.100,5.600,2.800,179.500,186.000,15.150,1.700,76.200,0.860,5.910,3.650,0.017,0.006,0.247,0.170,8.190,0.001,0.004,3.1,0.150,0.640,13.900,0.285
8.6,11-Sep-03,21.8,68.800,22.900,1.000,1.300,0.100,6.050,0.650,186.000,197.500,16.450,2.400,83.900,0.855,6.490,3.570,0.010,0.006,0.222,0.330,8.160,0.001,0.002,2.0,0.550,0.640,14.400,0.345
4.3,05-Nov-03,22.3,65.150,21.450,1.000,1.100,0.100,5.900,4.450,172.000,187.500,14.800,2.450,78.700,0.840,6.120,3.610,0.012,0.003,0.240,0.200,8.225,0.001,0.005,7.6,0.950,0.710,13.650,0.785
2.9,19-Jun-03,7.1,56.500,17.850,1.000,1.300,0.133,5.150,15.100,155.500,161.500,12.950,2.850,65.500,0.795,5.110,3.450,0.042,0.003,0.180,0.265,8.105,0.002,0.010,9.4,1.200,0.680,12.200,1.145
4.9,11-Sep-03,6.7,65.500,21.550,1.000,1.733,0.100,5.950,3.500,175.000,187.500,15.400,2.750,78.800,0.810,6.110,3.510,0.010,0.006,0.145,0.205,8.140,0.001,0.002,4.2,1.000,0.900,13.850,0.670
1.8,05-Nov-03,7.2,47.900,16.250,1.000,1.200,0.100,5.400,30.150,132.000,144.500,11.200,5.350,59.000,0.755,4.480,3.380,0.024,0.004,0.165,0.330,8.040,0.001,0.009,9.1,1.300,1.180,10.350,1.665
4.5,19-Jun-03,6.2,62.150,19.400,1.000,1.000,0.100,5.200,5.700,164.500,173.500,13.750,2.200,70.900,0.810,5.490,3.430,0.027,0.003,0.210,0.200,8.135,0.001,0.004,5.4,0.700,0.630,13.050,0.520
5.6,11-Sep-03,8.8,66.550,21.550,1.000,1.800,0.100,5.950,2.000,178.000,189.500,15.400,2.500,79.600,0.815,6.290,3.510,0.011,0.005,0.157,0.205,8.140,0.001,0.004,7.3,0.850,0.850,14.100,0.620
4.9,05-Nov-03,6.9,60.000,20.000,1.000,0.967,0.100,5.700,7.900,159.500,174.000,13.850,2.950,72.500,0.700,5.480,3.490,0.015,0.003,0.220,0.230,8.155,0.001,0.005,4.1,0.550,0.790,12.700,0.510
2.0,19-Jun-03,5.4,38.550,11.600,3.000,4.433,0.267,3.500,17.550,106.000,111.000,8.050,4.000,42.800,0.680,3.360,2.610,0.046,0.004,0.106,0.325,7.870,0.005,0.013,14.9,3.100,0.570,9.250,1.855
4.1,11-Sep-03,5.0,64.800,20.700,1.000,1.600,0.100,5.800,2.250,175.000,183.000,15.000,2.700,75.600,0.735,5.810,3.560,0.008,0.003,0.095,0.210,8.230,0.001,0.007,3.8,1.150,0.900,13.900,0.835
2.9,05-Nov-03,5.5,43.900,15.050,1.000,2.200,0.100,4.400,22.300,120.000,131.000,10.100,5.100,54.000,0.715,3.980,2.790,0.020,0.003,0.132,0.320,8.050,0.001,0.008,8.0,1.250,1.130,9.650,1.330
> 2.7,19-Jun-03,2.7,62.750,19.700,1.000,1.933,0.100,5.400,6.250,169.500,176.000,14.350,2.300,72.100,0.860,5.610,3.440,0.051,0.003,0.149,0.280,8.130,0.001,0.010,10.7,2.500,0.620,13.200,1.720
> 2.1,11-Sep-03,2.0,65.650,21.400,1.000,1.500,0.100,5.900,2.900,175.500,186.500,15.200,2.900,77.900,0.755,5.960,3.590,0.017,0.005,0.071,0.250,8.205,0.001,0.007,4.5,1.850,0.990,14.300,1.650
> 2.8,05-Nov-03,2.8,58.250,19.200,1.000,2.100,0.133,5.450,10.950,155.000,168.000,13.300,3.350,69.800,0.880,5.330,3.330,0.022,0.003,0.171,0.260,8.165,0.001,0.008,6.3,1.200,0.760,12.250,1.055
5.2,18-Jun-03,11.5,54.450,17.500,1.000,1.500,0.100,5.000,7.550,148.500,156.500,12.300,2.550,64.100,0.745,4.950,3.240,0.017,0.004,0.156,0.215,8.055,0.001,0.009,6.4,0.500,0.700,11.800,0.490
3.4,10-Sep-03,11.1,61.050,19.850,2.000,2.567,0.167,5.600,3.900,163.500,173.500,13.750,2.850,71.800,0.780,5.420,3.450,0.004,0.003,0.085,0.205,8.105,0.001,0.008,3.8,1.150,1.120,13.000,0.810
4.3,05-Nov-03,12.4,58.050,18.900,1.000,1.600,0.100,5.500,8.600,152.000,168.000,12.950,3.200,69.500,0.815,5.450,3.400,0.017,0.003,0.138,0.235,8.165,0.001,0.006,14.4,0.800,1.160,12.550,0.600
4.7,18-Jun-03,6.6,52.350,16.750,1.000,1.600,0.100,4.750,10.050,143.500,150.500,11.700,2.700,61.400,0.730,4.760,3.170,0.020,0.004,0.136,0.240,8.045,0.001,0.007,7.3,1.100,0.720,11.550,0.805
2.5,10-Sep-03,5.3,59.000,19.550,2.000,2.200,0.100,5.500,4.550,161.500,170.000,13.400,2.900,70.800,0.725,5.370,3.380,0.006,0.004,0.052,0.215,8.130,0.001,0.009,5.7,1.550,1.240,12.800,1.175
2.8,05-Nov-03,5.9,54.050,17.700,1.000,1.633,0.100,5.100,14.550,144.000,157.500,12.300,3.700,65.300,0.785,5.140,3.140,0.022,0.003,0.115,0.260,8.135,0.001,0.009,10.1,1.600,1.320,11.700,1.500
> 5.7,18-Jun-03,5.7,62.350,20.300,1.000,0.467,0.100,5.400,3.850,168.500,177.500,14.150,1.950,73.800,0.800,5.670,3.540,0.013,0.003,0.206,0.190,8.135,0.001,0.004,4.3,0.250,0.660,13.250,0.260
> 4.1,10-Sep-03,4.1,65.150,21.350,1.000,1.833,0.133,5.850,2.400,175.000,185.500,14.800,2.400,77.800,0.825,5.950,3.490,0.007,0.003,0.182,0.185,8.145,0.001,0.006,3.5,0.600,0.740,13.450,0.530
> 5.1,05-Nov-03,5.1,66.150,21.550,1.000,0.767,0.100,5.900,4.150,169.500,188.500,14.650,2.400,78.700,0.850,6.060,3.640,0.012,0.003,0.256,0.185,8.230,0.001,0.004,6.1,0.800,0.700,13.900,0.590
3.3,18-Jun-03,9.6,44.700,14.700,2.000,2.367,0.100,4.650,13.400,129.500,135.000,10.050,3.300,53.900,0.720,4.220,3.230,0.009,0.003,0.152,0.260,7.975,0.001,0.008,7.5,1.100,0.720,11.150,0.840
7.8,10-Sep-03,9.3,68.050,21.400,1.000,1.467,0.100,5.900,1.750,179.000,190.500,15.450,2.250,79.200,0.830,6.280,3.650,0.009,0.004,0.203,0.175,8.160,0.001,0.006,2.5,0.500,0.700,13.950,0.315
3.5,06-Nov-03,9.6,51.050,16.650,1.000,0.733,0.100,5.400,9.150,140.000,152.500,11.750,3.450,61.400,0.780,4.840,3.430,0.019,0.004,0.195,0.220,8.140,0.001,0.007,5.0,0.500,0.760,11.700,0.810
3.7,18-Jun-03,6.1,52.200,16.700,1.000,1.033,0.133,4.900,8.900,146.500,152.500,12.000,2.700,61.700,0.780,4.870,3.330,0.020,0.005,0.178,0.235,7.955,0.001,0.007,7.6,1.150,0.740,12.150,0.655
5.1,10-Sep-03,6.0,64.050,19.550,1.000,1.433,0.100,5.700,3.750,168.000,178.500,14.000,2.550,73.000,0.805,5.910,3.620,0.002,0.007,0.160,0.230,8.175,0.001,0.006,3.5,0.650,0.740,13.250,0.615
3.1,06-Nov-03,6.6,46.850,15.300,1.000,1.567,0.100,5.150,12.350,131.000,141.500,10.700,3.750,56.500,0.765,4.470,3.350,0.017,0.004,0.170,0.265,8.080,0.001,0.008,6.8,1.000,0.780,11.300,1.100
2.1,18-Jun-03,5.8,16.600,5.950,3.667,5.000,0.400,3.350,26.050,64.500,66.650,3.600,5.600,22.800,0.585,1.940,2.700,0.014,0.004,0.025,0.340,7.485,0.001,0.013,13.4,2.900,0.740,7.500,1.930
3.8,10-Sep-03,4.9,48.450,15.500,1.000,1.400,0.100,5.100,7.350,136.500,143.500,10.950,3.900,57.900,0.630,4.680,3.410,0.015,0.003,0.040,0.225,8.130,0.001,0.010,5.1,0.800,0.840,11.300,0.815
1.6,06-Nov-03,5.4,19.050,6.425,2.667,3.867,0.300,4.250,25.650,66.000,72.950,3.950,5.950,24.600,0.610,2.050,3.030,0.013,0.003,0.030,0.325,7.630,0.001,0.012,17.9,1.900,0.780,7.300,1.515
2.0,18-Jun-03,10.4,18.600,6.250,3.000,5.000,0.300,3.600,24.800,67.500,70.350,4.150,5.450,24.000,0.615,2.050,2.890,0.017,0.004,0.030,0.335,7.390,0.001,0.014,15.8,3.150,0.640,7.300,1.935
2.6,10-Sep-03,11.7,31.350,10.550,2.333,3.533,0.300,4.350,14.050,98.000,103.000,7.000,4.950,39.100,0.615,3.100,3.120,0.011,0.004,0.059,0.295,7.795,0.001,0.012,7.6,0.850,0.880,9.200,1.125
1.8,06-Nov-03,12.2,19.550,6.550,2.333,3.733,0.367,4.350,22.850,67.000,74.050,4.150,5.700,24.900,0.635,2.100,3.140,0.011,0.003,0.049,0.305,7.625,0.001,0.012,13.6,1.900,0.820,7.100,1.605
3.5,18-Jun-03,4.8,37.300,11.600,2.333,3.200,0.267,4.200,18.800,110.500,114.000,8.250,4.100,43.600,0.700,3.580,3.000,0.030,0.004,0.114,0.320,7.835,0.001,0.014,14.7,1.900,0.760,10.000,1.430
4.0,10-Sep-03,4.5,54.550,18.050,1.000,1.833,0.100,5.400,6.750,150.000,160.000,12.650,3.500,66.100,0.750,5.130,3.460,0.009,0.005,0.148,0.270,8.080,0.001,0.008,5.8,0.700,0.760,12.150,0.735
2.3,06-Nov-03,5.1,31.400,10.050,1.000,2.000,0.100,4.450,25.900,90.500,100.500,6.600,5.600,37.300,0.675,2.960,3.050,0.018,0.004,0.101,0.295,7.845,0.001,0.010,10.2,2.000,0.900,8.600,1.860
2.7,18-Jun-03,10.6,40.000,12.650,2.000,2.533,0.200,4.300,17.100,116.000,122.500,9.100,3.750,47.500,0.720,3.880,3.100,0.015,0.005,0.146,0.270,7.850,0.001,0.010,9.8,2.300,0.800,10.700,1.285
6.1,10-Sep-03,10.2,64.050,19.400,1.000,1.600,0.100,5.700,4.000,167.500,178.500,14.050,2.450,72.600,0.805,5.880,3.630,0.014,0.005,0.188,0.215,8.145,0.001,0.006,4.1,0.500,0.710,13.250,0.395
2.2,06-Nov-03,10.6,39.100,13.150,1.000,1.700,0.133,4.850,15.950,112.000,123.500,8.500,4.350,48.400,0.735,3.800,3.240,0.014,0.004,0.149,0.245,7.995,0.001,0.009,9.1,2.450,0.860,10.250,2.205
1.5,18-Jun-03,3.8,17.800,5.925,2.000,4.133,0.333,3.400,32.400,65.000,68.800,3.850,5.900,23.000,0.600,2.000,2.740,0.022,0.006,0.052,0.360,7.435,0.001,0.017,17.6,5.250,0.960,7.900,3.445
2.2,10-Sep-03,3.5,22.850,7.575,2.667,4.133,0.267,3.800,19.600,77.500,81.100,4.900,5.200,28.900,0.545,2.410,2.900,0.011,0.003,0.035,0.305,7.650,0.001,0.012,9.1,1.450,0.940,8.250,1.385
2.1,06-Nov-03,4.0,18.850,6.675,2.000,3.333,0.167,4.150,32.550,67.000,74.000,4.100,6.300,25.200,0.630,2.080,2.940,0.012,0.003,0.064,0.345,7.615,0.001,0.013,11.6,1.300,1.090,7.700,1.735
2.7,18-Jun-03,8.7,20.550,6.950,2.333,4.000,0.367,3.500,30.100,72.000,75.950,4.450,5.600,26.600,0.610,2.240,2.800,0.023,0.005,0.064,0.355,7.525,0.001,0.015,16.0,3.850,0.940,8.250,2.620
4.7,10-Sep-03,7.1,36.350,10.850,2.000,3.267,0.200,4.450,13.000,109.500,112.000,8.350,4.150,41.900,0.665,3.630,3.190,0.013,0.004,0.097,0.255,7.875,0.001,0.008,6.9,1.000,0.820,10.000,0.835
2.0,06-Nov-03,8.2,19.450,6.900,2.000,3.433,0.233,4.200,27.150,68.500,75.950,4.300,5.950,26.100,0.640,2.140,2.990,0.014,0.003,0.066,0.315,7.650,0.001,0.013,12.0,1.550,1.070,7.850,1.915
1.9,17-Jun-03,6.8,26.650,8.850,2.000,3.333,0.200,3.750,26.850,81.500,90.800,5.900,5.200,33.300,0.635,2.720,2.880,0.019,0.003,0.090,0.465,7.555,0.001,0.013,12.9,2.900,0.960,8.950,2.045
> 6.2,10-Sep-03,6.3,58.050,17.200,1.000,1.833,0.100,5.500,5.100,158.000,164.000,13.550,2.750,65.400,0.805,5.500,3.540,0.016,0.004,0.185,0.220,8.115,0.001,0.006,3.8,0.500,0.680,12.700,0.350
1.9,06-Nov-03,7.2,32.100,10.800,1.000,1.867,0.133,4.550,18.850,96.500,105.500,7.000,4.900,39.900,0.690,3.140,3.110,0.014,0.003,0.121,0.265,7.915,0.001,0.010,9.5,2.750,0.920,9.450,2.440
1.4,17-Jun-03,6.4,18.550,6.675,2.333,4.033,0.200,3.400,32.150,64.000,72.100,4.100,5.850,25.200,0.600,2.080,2.770,0.020,0.003,0.053,0.385,7.370,0.001,0.016,17.2,4.750,0.980,7.900,3.855
3.3,09-Sep-03,5.1,62.150,19.050,1.333,1.100,0.100,5.600,8.250,168.000,175.500,15.000,3.200,71.500,0.810,5.850,3.570,0.021,0.006,0.181,0.200,8.145,0.001,0.008,6.3,1.300,0.680,13.250,1.155
1.8,06-Nov-03,7.2,18.950,6.900,2.000,2.900,0.200,4.050,32.200,67.500,74.650,4.000,6.450,25.800,0.660,2.100,2.940,0.010,0.003,0.067,0.315,7.605,0.001,0.013,12.8,1.750,1.150,7.700,1.995
1.5,17-Jun-03,3.2,38.500,12.800,2.000,3.200,0.133,3.650,49.950,104.500,115.500,8.600,6.800,47.100,0.635,3.700,2.580,0.027,0.005,0.118,0.460,7.745,0.001,0.015,15.6,4.000,0.790,9.250,3.115
2.5,09-Sep-03,2.5,68.350,21.700,1.000,1.833,0.167,5.900,3.250,181.000,192.000,16.300,2.500,80.600,0.755,6.430,3.670,0.020,0.003,0.122,0.225,8.330,0.001,0.008,6.0,1.050,0.710,14.150,1.300
2.1,03-Nov-03,3.0,51.300,16.850,1.000,2.467,0.167,4.450,29.350,136.500,148.500,11.650,5.150,61.700,0.990,4.780,3.010,0.017,0.005,0.160,0.305,8.075,0.001,0.007,6.7,1.750,0.990,10.950,1.930
3.8,17-Jun-03,5.3,46.550,15.300,1.000,1.000,0.100,4.500,14.750,127.500,139.000,10.800,3.500,56.200,0.760,4.370,3.080,0.021,0.002,0.167,0.355,7.900,0.001,0.007,7.2,1.250,0.790,11.200,0.920
4.9,09-Sep-03,5.0,71.250,22.800,1.000,1.000,0.100,6.000,1.750,187.500,199.500,16.700,2.200,84.100,0.850,6.590,3.740,0.023,0.004,0.187,0.200,8.245,0.001,0.008,3.4,1.100,0.620,14.400,1.015
3.9,03-Nov-03,5.2,64.200,20.850,1.000,0.700,0.100,5.400,5.200,166.000,183.000,14.850,2.550,76.400,0.870,5.930,3.550,0.012,0.003,0.240,0.195,8.185,0.001,0.005,3.8,0.800,0.700,13.450,0.880
> 3.0,17-Jun-03,3.0,47.350,15.450,1.000,1.033,0.100,4.500,14.250,126.000,140.500,11.100,3.600,56.700,0.770,4.390,3.100,0.036,0.002,0.133,0.375,7.960,0.001,0.007,7.9,2.400,0.800,11.400,1.535
> 2.6,09-Sep-03,2.6,71.150,22.700,1.000,0.900,0.100,6.050,1.700,189.500,199.500,16.600,2.200,84.100,0.870,6.670,3.820,0.027,0.005,0.152,0.200,8.255,0.001,0.006,3.7,1.550,0.700,14.350,1.125
> 3.0,03-Nov-03,3.0,64.350,21.200,1.000,1.800,0.100,5.400,6.550,167.500,184.000,14.950,2.850,77.600,0.915,6.000,3.490,0.016,0.002,0.214,0.225,8.120,0.001,0.005,6.4,1.450,0.770,13.450,1.080
6.1,17-Jun-03,13.4,59.050,19.500,1.000,1.200,0.100,5.200,7.050,156.500,171.000,13.700,2.200,70.900,0.830,5.380,3.370,0.008,0.003,0.234,0.260,8.040,0.001,0.004,7.0,0.550,0.740,13.050,0.355
8.8,09-Sep-03,13.3,72.300,23.550,1.000,0.900,0.100,6.100,1.600,190.000,204.500,16.600,2.100,86.800,0.875,6.810,3.790,0.016,0.005,0.256,0.190,8.225,0.001,0.007,2.8,0.500,0.560,14.600,0.250
4.7,03-Nov-03,13.7,71.900,23.850,1.000,0.900,0.100,5.800,1.600,186.000,203.500,16.750,1.900,86.900,0.895,6.670,3.670,0.005,0.002,0.287,0.155,8.225,0.001,0.004,4.2,0.500,0.670,14.450,0.710
5.5,17-Jun-03,7.0,57.850,18.950,1.000,0.800,0.100,5.000,8.050,152.500,167.000,13.150,2.350,69.000,0.835,5.250,3.280,0.019,0.003,0.212,0.355,8.065,0.001,0.006,6.1,1.450,0.750,12.850,1.030
3.5,09-Sep-03,6.8,71.450,23.450,1.000,0.800,0.100,6.000,1.700,188.000,202.000,16.100,2.100,86.000,0.860,6.660,3.810,0.017,0.005,0.221,0.180,8.225,0.001,0.005,3.2,1.000,0.620,14.500,1.240
4.0,04-Nov-03,7.1,69.100,23.300,1.000,0.900,0.100,5.400,3.100,177.000,197.000,15.600,2.150,84.600,0.875,6.450,3.590,0.009,0.005,0.257,0.180,8.245,0.001,0.004,5.8,0.800,0.710,14.250,0.690
> 3.0,17-Jun-03,3.0,56.400,18.500,1.000,0.533,0.100,4.900,10.200,147.000,163.500,13.050,2.700,67.500,0.795,5.200,3.200,0.016,0.003,0.205,0.280,8.030,0.001,0.008,6.5,1.450,0.730,12.700,1.005
> 2.5,09-Sep-03,2.5,71.950,21.700,1.000,0.800,0.100,5.950,2.000,187.000,196.500,15.950,1.950,81.100,0.840,6.550,3.640,0.012,0.004,0.205,0.220,8.225,0.001,0.005,3.7,0.500,0.620,14.250,0.730
2.5,04-Nov-03,2.9,60.950,20.350,1.000,1.733,0.167,4.900,13.000,158.500,175.500,13.750,3.400,74.300,0.860,5.720,3.260,0.013,0.003,0.195,0.255,8.195,0.001,0.008,9.0,1.450,0.940,13.100,1.270
2.2,17-Jun-03,3.2,32.450,10.500,1.000,0.933,0.100,2.800,20.600,90.000,99.400,6.900,3.850,38.800,0.660,3.080,2.110,0.030,0.002,0.146,0.315,7.725,0.001,0.012,11.7,3.200,1.100,9.550,3.175
> 2.9,09-Sep-03,2.9,63.750,19.800,1.333,1.967,0.100,5.250,4.800,163.000,176.000,13.850,2.550,73.200,0.765,5.790,3.240,0.012,0.005,0.117,0.225,8.145,0.001,0.009,5.2,0.900,0.770,12.950,1.125
> 3.3,04-Nov-03,3.3,59.850,19.700,1.000,1.167,0.167,4.800,8.750,156.000,171.500,13.600,3.050,72.400,0.835,5.650,3.220,0.011,0.004,0.179,0.230,8.175,0.001,0.006,10.9,1.750,0.960,12.900,1.495
0.7,17-Jun-03,2.7,20.400,7.025,3.000,4.700,0.300,1.850,54.900,62.000,69.400,4.350,6.900,26.800,0.610,2.240,1.670,0.030,0.005,0.096,0.430,7.380,0.003,0.027,31.2,9.550,1.300,7.550,11.550
1.9,09-Sep-03,2.5,51.650,16.750,3.000,3.633,0.100,4.500,8.150,140.500,149.500,11.900,3.550,62.100,0.660,4.930,2.900,0.007,0.007,0.053,0.280,8.070,0.001,0.011,8.3,2.600,0.840,11.750,2.345
0.8,04-Nov-03,2.8,18.800,6.800,1.000,2.400,0.467,1.900,78.100,59.500,66.700,4.150,9.350,25.800,0.845,2.170,1.630,0.011,0.007,0.076,0.415,7.545,0.002,0.018,20.7,5.700,2.260,7.200,7.725
1.4,17-Jun-03,2.7,5.200,2.325,2.000,3.567,0.333,1.000,34.150,28.500,31.750,1.000,5.750,9.600,0.445,0.930,1.150,0.017,0.004,0.033,0.345,6.650,0.002,0.016,15.9,6.250,1.100,6.500,4.550
1.9,09-Sep-03,2.1,49.100,16.300,2.000,2.900,0.100,4.400,8.050,136.500,144.000,11.250,3.500,60.200,0.600,4.760,2.840,0.008,0.006,0.032,0.255,8.060,0.001,0.010,9.6,2.200,0.810,11.600,2.115
1.2,04-Nov-03,2.5,8.900,3.550,1.000,2.633,0.367,1.100,29.100,38.000,41.600,1.900,5.800,14.000,0.555,1.250,1.350,0.016,0.003,0.046,0.320,7.215,0.001,0.014,15.4,7.700,1.200,6.950,4.570
1.9,17-Jun-03,3.9,3.800,1.975,2.000,3.400,0.367,0.950,27.100,26.500,29.100,0.700,5.150,8.300,0.415,0.840,1.120,0.006,0.004,0.028,0.315,6.480,0.001,0.012,12.1,2.700,0.980,6.700,2.445
2.3,09-Sep-03,3.5,21.450,7.525,4.000,5.667,0.300,2.250,10.750,70.000,73.850,4.300,4.200,28.700,0.335,2.400,1.730,0.005,0.004,0.005,0.270,7.620,0.001,0.011,9.3,1.600,0.650,8.500,1.725
1.8,04-Nov-03,4.1,6.050,2.600,1.000,2.100,0.333,0.850,26.200,31.000,34.300,1.150,5.500,10.800,0.460,1.040,1.240,0.018,0.003,0.043,0.295,7.000,0.001,0.010,9.1,1.900,1.160,6.800,1.925
1.2,17-Jun-03,6.1,6.100,2.675,2.000,3.033,0.333,1.000,25.400,32.500,35.300,1.200,4.750,11.100,0.510,1.080,1.230,0.006,0.004,0.044,0.290,6.875,0.002,0.013,16.0,4.200,1.040,6.950,4.915
2.0,09-Sep-03,5.4,19.650,7.075,2.000,3.200,0.200,2.100,10.100,65.000,69.500,3.700,4.050,26.900,0.330,2.250,1.660,0.003,0.002,0.005,0.255,7.595,0.001,0.010,7.7,2.100,0.740,8.300,2.035
1.9,04-Nov-03,6.3,13.050,4.750,1.000,1.867,0.300,1.350,22.350,48.500,52.450,2.900,4.900,18.700,0.525,1.660,1.510,0.014,0.003,0.038,0.275,7.485,0.001,0.010,10.5,2.800,1.050,7.700,2.565
0.8,17-Jun-03,5.5,15.500,5.525,2.333,3.733,0.267,1.700,55.150,53.000,58.550,3.400,7.500,21.800,0.625,1.960,1.640,0.011,0.006,0.069,0.410,7.265,0.003,0.023,22.6,6.000,1.340,7.300,8.410
2.5,09-Sep-03,5.1,51.500,17.100,2.333,3.333,0.167,4.500,5.050,142.500,150.500,11.750,3.000,62.800,0.620,4.920,2.920,0.013,0.006,0.044,0.240,8.090,0.001,0.008,7.1,2.200,0.600,12.000,1.475
1.3,04-Nov-03,5.2,16.300,5.950,1.333,2.833,0.300,1.850,38.550,57.000,62.500,3.600,6.600,23.200,0.595,2.040,1.700,0.011,0.005,0.052,0.365,7.550,0.001,0.015,16.5,5.150,1.510,8.050,5.375
7.4,16-Jun-03,9.2,63.500,20.200,1.000,0.667,0.100,5.400,4.800,160.000,179.500,14.800,1.900,74.500,0.835,5.840,3.470,0.011,0.002,0.243,0.195,7.985,0.001,0.004,3.7,0.900,0.670,13.300,0.705
6.3,09-Sep-03,8.5,73.250,23.750,1.000,0.600,0.100,6.100,0.650,190.000,204.500,16.900,1.850,86.700,0.860,6.650,3.680,0.010,0.007,0.237,0.155,8.220,0.001,0.003,3.3,0.900,0.600,14.400,0.540
3.2,04-Nov-03,8.9,55.300,18.350,1.000,0.900,0.100,4.400,9.500,147.000,161.000,12.500,2.900,67.400,0.770,5.260,3.050,0.011,0.005,0.213,0.200,8.140,0.001,0.009,4.7,0.950,0.900,12.550,1.310
3.0,16-Jun-03,10.0,60.300,19.000,1.000,0.733,0.100,5.000,10.000,152.000,169.000,13.450,2.350,69.900,0.785,5.450,3.240,0.010,0.003,0.228,0.225,8.005,0.001,0.005,6.5,1.550,0.740,12.600,1.325
7.2,09-Sep-03,9.7,70.850,23.900,1.000,0.800,0.100,6.050,0.300,190.000,202.500,17.000,1.900,86.600,0.870,6.570,3.680,0.008,0.007,0.241,0.155,8.205,0.001,0.004,2.9,0.850,0.600,14.400,0.365
4.9,04-Nov-03,10.2,75.050,24.200,1.000,0.933,0.133,5.750,0.950,187.500,207.500,17.150,1.700,88.100,0.910,6.750,3.720,0.006,0.004,0.296,0.155,8.245,0.001,0.004,3.0,0.950,0.700,14.650,0.520
7.4,16-Jun-03,14.3,64.200,20.600,1.000,1.033,0.100,5.400,5.050,165.500,181.500,14.900,1.850,75.500,0.850,5.870,3.580,0.008,0.002,0.251,0.235,8.065,0.001,0.007,3.8,0.400,0.700,13.400,0.715
8.2,09-Sep-03,14.2,73.750,23.900,1.000,0.967,0.100,6.200,0.400,192.500,205.500,17.300,1.850,87.100,0.885,6.670,3.690,0.005,0.004,0.260,0.155,8.210,0.001,0.004,2.7,0.650,0.580,14.500,0.240
4.3,03-Nov-03,14.3,75.700,23.950,1.000,1.300,0.133,5.900,0.950,187.500,207.500,17.050,1.800,87.300,0.880,6.700,3.720,0.004,0.002,0.263,0.155,8.240,0.001,0.005,4.5,0.750,0.680,14.600,0.635
2.8,16-Jun-03,4.6,61.350,19.700,1.000,0.700,0.100,5.200,9.600,158.500,174.500,14.150,2.350,72.200,0.825,5.650,3.390,0.018,0.003,0.215,0.330,8.040,0.001,0.006,8.1,2.800,0.720,13.100,2.055
3.0,09-Sep-03,4.1,72.500,21.650,1.000,1.433,0.100,6.100,1.250,191.000,198.500,17.000,2.050,81.700,0.875,6.730,3.770,0.028,0.007,0.200,0.195,8.235,0.001,0.005,3.7,1.550,0.660,14.650,1.445
2.4,03-Nov-03,4.5,71.250,23.450,1.000,1.067,0.133,5.600,7.400,181.000,200.000,16.350,2.500,85.500,0.945,6.560,3.570,0.013,0.002,0.256,0.205,8.230,0.001,0.007,6.1,2.100,0.770,14.100,2.100
2.9,03-May-04,10.9,26.900,9.050,1.000,1.400,0.100,3.900,28.800,82.000,89.800,5.500,4.700,33.200,0.630,2.560,2.720,0.014,0.004,0.219,0.250,7.690,0.001,0.009,7.4,1.100,1.600,7.900,1.020
8.2,12-Aug-04,11.5,68.150,21.700,1.000,0.800,0.100,5.700,1.850,178.500,191.500,15.100,1.900,79.800,0.850,6.240,3.660,0.016,0.004,0.232,0.165,8.240,0.001,0.007,2.7,0.750,0.610,14.000,0.435
5.1,25-Oct-04,11.5,72.700,23.950,1.000,0.733,0.100,6.150,1.150,184.500,205.000,16.850,1.800,87.100,0.935,6.630,3.910,0.013,0.002,0.252,0.175,8.115,0.001,0.005,3.4,1.200,0.610,14.050,0.520
2.4,03-May-04,3.7,29.900,10.200,1.000,1.400,0.100,4.400,43.600,87.000,96.600,6.100,5.200,36.600,0.630,2.700,2.960,0.025,0.005,0.178,0.310,7.700,0.001,0.009,12.5,1.700,1.000,7.300,1.680
3.8,12-Aug-04,4.1,67.450,21.000,1.000,1.767,0.100,5.650,5.800,175.000,185.500,14.900,2.300,77.500,0.810,6.100,3.600,0.022,0.004,0.133,0.215,8.225,0.001,0.010,5.3,1.150,0.740,13.050,1.085
> 3.5,25-Oct-04,3.5,66.200,22.550,1.000,0.800,0.100,6.050,9.250,172.000,191.000,15.700,2.550,81.300,0.940,6.100,3.870,0.020,0.002,0.195,0.225,8.085,0.001,0.008,5.3,1.100,0.770,13.000,0.895
6.6,03-May-04,9.2,58.600,19.200,1.000,1.000,0.100,5.300,10.600,151.000,169.000,12.700,2.800,69.600,0.800,5.300,3.460,0.014,0.002,0.277,0.180,8.050,0.001,0.003,5.4,0.500,0.880,12.600,0.310
6.8,12-Aug-04,11.0,66.850,21.350,1.000,1.400,0.100,5.600,2.550,176.500,188.000,15.200,1.950,79.000,0.855,6.250,3.610,0.013,0.004,0.235,0.175,8.195,0.001,0.012,1.9,0.600,0.600,13.400,0.350
> 9.2,25-Oct-04,9.0,73.000,24.400,1.000,0.600,0.100,6.150,0.600,188.500,207.000,16.950,1.700,88.600,0.925,6.750,3.900,0.013,0.003,0.276,0.160,8.165,0.001,0.004,2.6,0.700,0.590,14.400,0.235
1.2,03-May-04,5.4,6.100,2.800,1.000,2.133,0.100,2.900,52.300,33.000,36.500,0.800,6.300,10.000,0.520,0.740,2.100,0.017,0.005,0.145,0.350,6.830,0.002,0.018,16.9,5.100,1.820,4.400,4.920
3.1,12-Aug-04,6.3,65.650,20.700,1.000,1.300,0.100,5.550,3.550,171.500,184.000,14.650,2.000,76.800,0.820,6.120,3.580,0.015,0.004,0.210,0.185,8.205,0.001,0.009,3.5,1.650,0.560,13.200,0.910
3.5,25-Oct-04,6.3,67.700,22.550,1.000,0.933,0.100,5.900,4.600,177.500,193.000,15.650,2.150,82.000,0.915,6.250,3.750,0.016,0.002,0.218,0.190,8.130,0.001,0.006,4.0,1.400,0.640,13.350,0.975
1.4,03-May-04,3.7,6.000,2.650,1.000,1.967,0.100,3.300,49.800,33.000,36.600,0.500,6.700,9.400,0.520,0.680,2.320,0.014,0.004,0.137,0.340,6.740,0.001,0.013,14.8,4.100,1.820,4.200,3.150
1.3,12-Aug-04,3.7,51.600,16.200,4.000,5.067,0.400,4.850,19.000,139.500,146.500,11.650,3.350,60.000,0.690,4.760,3.210,0.016,0.005,0.107,0.265,7.985,0.001,0.017,11.9,4.600,0.480,10.400,4.555
1.5,25-Oct-04,3.7,29.150,9.450,1.667,2.633,0.267,4.150,44.450,85.000,90.800,6.550,6.150,34.300,0.810,2.600,2.880,0.030,0.003,0.049,0.370,7.730,0.002,0.017,15.7,3.400,1.240,6.300,4.970
5.0,03-May-04,5.1,53.700,17.800,1.000,0.600,0.100,4.900,14.200,143.000,157.000,12.200,3.100,64.600,0.750,4.920,3.180,0.020,0.003,0.256,0.200,8.040,0.001,0.006,3.6,0.600,0.860,11.700,0.820
3.9,11-Aug-04,5.0,71.200,23.000,1.000,1.233,0.100,5.700,3.150,179.500,197.000,15.300,1.950,83.500,0.865,6.360,3.720,0.024,0.005,0.184,0.195,8.245,0.001,0.010,4.4,0.800,0.660,13.550,0.985
4.0,26-Oct-04,4.7,70.750,23.000,1.000,0.800,0.100,6.100,2.800,182.000,199.000,16.200,2.050,83.700,0.890,6.420,3.810,0.025,0.002,0.221,0.185,8.125,0.001,0.005,4.0,0.850,0.760,13.800,0.895
4.1,03-May-04,4.8,52.500,17.200,1.000,0.600,0.100,4.700,17.500,136.000,151.000,11.700,3.300,62.400,0.720,4.740,3.060,0.028,0.004,0.249,0.220,8.000,0.001,0.005,6.4,0.500,0.900,11.100,0.740
> 5.3,11-Aug-04,5.0,68.300,22.250,1.000,1.667,0.100,5.700,3.550,177.000,191.500,15.300,2.050,81.600,0.835,6.350,3.660,0.017,0.004,0.116,0.195,8.255,0.001,0.009,4.5,0.850,0.840,13.200,1.060
4.8,26-Oct-04,4.8,68.550,22.800,1.000,0.867,0.100,5.950,4.750,179.500,194.000,15.800,2.350,82.500,0.910,6.250,3.810,0.020,0.001,0.129,0.195,8.125,0.002,0.005,5.6,0.850,0.960,13.300,0.955
2.0,03-May-04,4.4,42.200,13.300,1.000,1.567,0.100,3.600,37.900,104.000,118.000,8.900,5.300,47.600,0.690,3.520,2.380,0.038,0.004,0.212,0.330,7.830,0.001,0.012,10.9,0.500,1.240,8.400,1.400
3.7,11-Aug-04,4.5,69.200,21.900,2.000,2.567,0.100,5.700,4.900,176.500,190.000,15.200,2.150,80.200,0.820,6.210,3.650,0.016,0.005,0.080,0.220,8.235,0.001,0.012,7.8,1.250,0.880,12.900,1.660
> 4.4,26-Oct-04,4.4,70.350,22.650,1.000,0.800,0.100,6.150,3.650,182.000,196.500,15.950,2.200,82.700,0.920,6.360,3.860,0.022,0.002,0.135,0.195,8.075,0.001,0.006,4.4,0.650,0.980,13.300,0.900
3.6,03-May-04,7.1,49.600,15.800,1.000,0.700,0.100,4.300,23.800,125.000,140.000,10.600,4.100,57.200,0.730,4.360,2.840,0.020,0.003,0.236,0.250,7.940,0.001,0.007,7.6,1.600,1.060,10.200,0.750
6.0,11-Aug-04,7.2,69.950,22.500,1.000,1.233,0.100,5.800,2.550,182.500,194.500,15.650,1.700,81.900,0.875,6.260,3.650,0.020,0.004,0.166,0.190,8.260,0.001,0.008,2.3,0.750,0.700,13.600,0.745
6.0,26-Oct-04,7.3,71.250,23.350,1.000,0.667,0.100,6.050,2.150,185.500,199.500,16.000,2.000,84.900,0.895,6.450,3.860,0.025,0.002,0.178,0.190,8.125,0.001,0.005,5.3,0.750,0.920,13.200,0.560
13.0,30-Apr-04,21.9,71.000,22.300,1.000,0.300,0.100,5.900,3.600,175.000,198.000,16.200,2.000,82.200,0.850,6.460,3.680,0.013,0.003,0.298,0.140,8.190,0.001,0.003,11.0,0.600,0.660,14.400,0.190
7.8,11-Aug-04,22.4,67.500,21.800,1.000,1.100,0.100,5.700,0.500,176.500,189.500,15.250,1.800,79.200,0.870,6.050,3.580,0.013,0.004,0.238,0.170,8.215,0.001,0.009,2.3,0.650,0.620,13.550,0.340
10.9,26-Oct-04,23.4,72.650,24.300,1.000,0.667,0.100,6.200,0.400,190.000,205.000,16.500,1.600,87.800,0.880,6.640,3.900,0.014,0.003,0.268,0.145,8.150,0.001,0.004,3.0,0.600,0.740,13.700,0.240
4.3,30-Apr-04,6.9,55.200,17.800,1.000,1.300,0.100,4.700,16.800,138.000,157.000,12.800,3.500,65.000,0.770,5.020,3.020,0.030,0.004,0.249,0.220,8.080,0.001,0.005,4.3,1.000,0.900,11.700,0.700
> 6.2,11-Aug-04,6.2,70.450,22.550,1.000,0.700,0.100,5.800,0.200,182.000,196.000,15.850,1.750,82.200,0.895,6.310,3.680,0.020,0.004,0.203,0.175,8.220,0.001,0.008,2.3,0.650,0.560,13.950,0.300
> 5.7,26-Oct-04,5.7,71.550,23.950,1.000,0.733,0.100,6.200,1.200,186.500,201.500,16.200,1.900,86.200,0.960,6.430,3.840,0.023,0.002,0.179,0.190,8.120,0.001,0.005,3.0,0.950,0.920,13.350,0.435
4.2,29-Apr-04,14.6,60.900,19.200,1.000,0.500,0.100,5.600,8.300,155.000,173.000,14.000,2.700,70.800,0.790,5.580,3.500,0.020,0.003,0.268,0.170,8.140,0.001,0.003,8.0,0.500,0.760,12.500,0.460
6.2,11-Aug-04,16.3,69.550,22.450,1.000,1.000,0.100,5.800,0.350,180.000,194.000,15.350,1.850,81.600,0.885,6.210,3.650,0.016,0.004,0.223,0.180,8.235,0.001,0.009,2.8,0.500,0.620,13.750,0.370
10.8,26-Oct-04,13.6,72.850,24.600,1.000,0.600,0.100,6.200,0.250,190.000,205.500,16.850,1.700,88.400,0.940,6.570,3.810,0.015,0.002,0.253,0.145,8.130,0.002,0.004,2.5,0.550,0.740,13.600,0.220
2.8,28-Apr-04,9.7,36.700,12.600,1.000,1.100,0.100,5.100,29.200,104.000,116.000,8.200,4.700,45.000,0.640,3.320,3.340,0.043,0.004,0.232,0.280,7.850,0.001,0.006,8.6,1.100,1.380,8.600,0.760
21.3,11-Aug-04,10.4,66.600,21.650,1.000,1.800,0.100,5.900,3.200,174.000,187.500,13.800,2.000,79.100,0.795,6.090,3.750,0.016,0.004,0.120,0.205,8.170,0.001,0.012,4.3,0.700,0.640,13.100,0.585
6.0,26-Oct-04,10.5,67.400,22.450,1.000,1.100,0.100,6.250,3.500,176.500,191.000,15.500,2.250,81.000,0.945,6.090,3.860,0.021,0.001,0.130,0.195,8.080,0.002,0.007,5.1,0.550,1.220,12.550,0.655
1.5,28-Apr-04,13.1,19.700,7.000,4.000,5.467,0.400,6.700,45.800,70.000,79.800,4.300,7.100,24.600,0.620,1.740,4.400,0.029,0.005,0.189,0.390,7.550,0.002,0.017,20.5,2.700,1.680,5.500,2.500
1.6,11-Aug-04,13.2,27.300,9.700,9.667,13.933,0.900,7.000,22.150,92.500,98.100,6.100,6.000,33.900,0.590,2.350,4.740,0.015,0.002,0.005,0.410,7.710,0.001,0.025,21.4,4.400,0.390,6.300,4.735
1.7,26-Oct-04,13.2,35.450,11.950,11.000,13.733,0.733,6.950,17.050,107.000,115.500,7.450,5.100,41.500,0.665,2.860,4.630,0.026,0.002,0.019,0.420,7.760,0.002,0.027,24.3,4.250,0.920,7.700,4.430
1.3,28-Apr-04,2.9,17.600,6.650,3.333,4.767,0.400,6.900,46.700,70.000,77.400,4.000,7.000,23.400,0.610,1.660,4.540,0.035,0.005,0.192,0.410,7.520,0.001,0.018,24.3,4.200,1.720,5.500,3.460
2.0,11-Aug-04,2.8,35.150,12.600,7.333,10.467,0.667,6.750,18.500,109.000,117.000,7.350,4.950,44.100,0.560,3.070,4.550,0.025,0.003,0.005,0.400,7.800,0.001,0.027,21.6,4.850,0.630,7.600,5.365
> 2.7,26-Oct-04,2.7,39.150,13.500,6.000,8.000,0.467,6.900,14.250,118.000,126.500,8.800,4.650,47.600,0.725,3.390,4.670,0.022,0.002,0.014,0.345,7.815,0.002,0.019,19.8,3.150,0.970,8.450,3.095
1.3,28-Apr-04,5.2,15.800,5.650,2.000,3.467,0.300,7.100,48.300,65.000,72.200,3.500,6.800,20.200,0.610,1.440,4.580,0.056,0.004,0.181,0.400,7.410,0.001,0.016,21.8,2.700,1.860,5.200,2.610
2.4,11-Aug-04,5.2,50.050,17.000,4.000,6.000,0.600,6.500,11.500,138.500,150.000,11.150,4.200,60.600,0.635,4.430,4.240,0.016,0.003,0.006,0.295,7.990,0.001,0.018,11.2,1.750,0.500,9.800,1.885
1.9,26-Oct-04,5.4,48.850,16.150,5.000,6.467,0.400,6.800,10.850,136.500,147.500,10.850,3.950,57.800,0.775,4.260,4.600,0.021,0.001,0.018,0.310,7.910,0.002,0.017,14.2,2.150,1.090,9.600,2.105
2.7,28-Apr-04,7.8,39.500,13.400,1.000,1.200,0.100,4.700,24.800,106.000,121.000,9.100,4.100,48.000,0.640,3.560,2.980,0.037,0.004,0.235,0.240,7.930,0.001,0.005,11.1,1.100,1.260,9.100,0.620
4.9,11-Aug-04,8.0,66.300,21.100,1.000,1.533,0.133,5.850,2.650,174.500,184.500,13.100,1.900,76.900,0.815,5.900,3.670,0.012,0.002,0.101,0.200,8.205,0.001,0.011,3.6,1.150,0.580,13.100,0.705
> 7.6,26-Oct-04,7.6,69.600,22.600,1.000,0.900,0.100,6.050,2.800,180.000,195.000,15.850,2.100,82.400,0.915,6.320,3.930,0.015,0.002,0.170,0.180,8.110,0.001,0.006,5.4,0.800,1.220,12.850,0.655
5.0,28-Apr-04,7.1,61.700,19.600,1.000,0.700,0.100,5.400,8.700,156.000,173.000,14.100,2.700,71.200,0.770,5.440,3.420,0.014,0.003,0.264,0.170,8.140,0.001,0.002,5.2,0.700,0.820,12.700,0.230
5.2,11-Aug-04,7.3,68.000,22.550,1.000,1.533,0.100,5.900,1.350,179.500,192.500,14.900,1.800,81.300,0.855,6.080,3.710,0.012,0.003,0.135,0.195,8.245,0.001,0.012,3.7,0.900,0.560,13.500,0.500
> 7.1,26-Oct-04,7.1,71.200,22.600,1.000,0.700,0.100,6.150,1.550,187.000,198.000,16.450,1.850,83.200,0.840,6.500,3.910,0.013,0.002,0.242,0.170,8.150,0.001,0.005,3.3,0.550,0.920,13.450,0.315
4.3,28-Apr-04,10.7,62.900,20.000,1.000,0.633,0.100,5.700,5.400,166.000,179.000,14.600,2.000,73.800,0.800,5.780,3.540,0.015,0.003,0.274,0.160,8.170,0.001,0.002,3.0,0.800,0.720,13.200,0.280
4.9,11-Aug-04,11.2,69.100,22.350,1.000,1.233,0.100,5.950,0.900,182.000,193.000,14.350,1.700,80.700,0.850,6.070,3.740,0.016,0.003,0.162,0.180,8.285,0.001,0.009,2.2,1.000,0.540,13.550,0.425
6.5,26-Oct-04,11.5,73.000,23.850,1.000,0.867,0.100,6.150,1.000,187.000,203.000,16.500,1.800,86.400,0.915,6.540,3.950,0.012,0.002,0.265,0.170,8.165,0.001,0.004,3.3,0.650,0.890,13.550,0.380
> 4.3,28-Apr-04,4.3,65.700,21.300,1.000,0.600,0.100,5.700,4.500,166.000,186.000,14.900,2.100,77.200,0.820,5.820,3.600,0.019,0.003,0.283,0.160,8.150,0.001,0.003,2.3,0.500,0.720,13.400,0.290
> 4.7,11-Aug-04,4.7,70.300,22.350,1.000,0.900,0.100,6.000,0.850,182.500,195.000,13.600,1.400,81.200,0.885,6.200,3.750,0.018,0.003,0.207,0.170,8.235,0.001,0.008,2.8,4.400,0.600,13.800,0.370
4.3,27-Oct-04,5.4,73.300,23.350,1.000,0.667,0.100,6.200,0.700,188.500,202.500,16.650,1.900,85.500,0.865,6.630,3.910,0.012,0.003,0.234,0.160,8.145,0.001,0.005,2.8,0.500,1.040,13.650,0.290
8.3,28-Apr-04,9.3,72.500,23.000,1.000,0.300,0.100,6.000,1.500,179.000,201.000,16.600,1.600,83.800,0.860,6.440,3.740,0.021,0.003,0.300,0.130,8.220,0.001,0.002,3.5,0.500,0.680,14.300,0.090
6.4,27-Oct-04,9.8,71.300,23.800,1.000,0.600,0.100,6.200,0.300,189.000,201.500,16.850,1.750,86.300,0.890,6.570,3.820,0.009,0.003,0.248,0.155,8.150,0.001,0.004,2.3,0.550,0.800,13.600,0.335
1.5,27-Apr-04,5.0,30.000,10.300,2.000,2.367,0.167,5.100,43.600,95.000,99.300,6.900,5.800,37.200,0.700,2.760,3.280,0.031,0.004,0.171,0.340,7.550,0.001,0.012,15.8,3.600,1.020,7.100,2.230
4.1,10-Aug-04,4.9,67.600,21.350,1.000,1.600,0.100,6.000,4.550,176.500,187.000,15.050,2.400,77.800,0.760,5.950,3.740,0.009,0.004,0.107,0.205,8.135,0.001,0.010,6.1,0.900,0.660,12.950,0.910
3.9,27-Oct-04,4.8,73.550,22.800,1.000,0.667,0.100,6.350,4.800,188.000,199.000,15.850,2.150,83.300,0.945,6.410,3.780,0.014,0.002,0.139,0.190,8.145,0.001,0.006,6.5,1.050,0.740,12.900,1.400
1.8,27-Apr-04,3.3,35.800,11.900,1.000,1.400,0.100,5.000,31.700,100.000,112.000,8.100,4.800,43.000,0.720,3.260,3.240,0.027,0.003,0.195,0.270,7.900,0.001,0.005,9.6,1.400,1.040,8.100,1.180
> 3.5,10-Aug-04,3.5,67.750,21.450,1.000,1.067,0.100,6.200,3.350,179.500,189.500,15.500,2.150,78.400,0.805,6.080,3.820,0.014,0.005,0.172,0.195,8.140,0.001,0.010,4.0,0.700,0.640,13.350,0.660
> 3.2,27-Oct-04,3.2,67.150,22.500,1.000,0.600,0.100,6.350,2.800,176.000,193.000,15.700,1.950,82.300,0.970,6.380,3.810,0.015,0.002,0.160,0.185,8.100,0.001,0.006,3.7,0.800,0.800,13.100,0.620
4.0,27-Apr-04,6.9,56.500,18.900,1.000,0.700,0.100,5.600,7.900,150.000,166.000,13.600,2.500,68.600,0.770,5.220,3.560,0.018,0.002,0.266,0.160,8.130,0.001,0.002,3.5,0.600,0.780,11.800,0.430
5.2,10-Aug-04,7.2,65.400,20.800,1.000,1.000,0.100,6.200,2.100,175.500,184.500,15.000,2.200,76.000,0.820,5.870,3.860,0.013,0.005,0.222,0.185,8.155,0.001,0.008,3.0,0.500,0.580,13.150,0.275
6.5,27-Oct-04,6.9,49.700,23.250,1.000,0.700,0.100,6.350,1.550,136.000,182.500,15.850,1.800,84.700,0.880,6.490,3.830,0.010,0.002,0.206,0.170,7.810,0.001,0.005,2.7,0.500,0.860,13.550,0.300
9.9,28-Apr-04,24.4,70.800,22.900,1.000,0.433,0.100,6.100,1.400,179.000,199.000,16.400,1.600,83.600,0.890,6.400,3.760,0.010,0.003,0.300,0.130,8.200,0.001,0.002,3.5,0.500,0.700,14.300,0.100
8.5,10-Aug-04,25.6,70.450,22.450,1.000,0.700,0.100,6.050,0.200,184.000,197.000,15.900,1.800,82.400,0.860,6.400,3.780,0.007,0.004,0.247,0.150,8.140,0.001,0.005,2.2,0.500,0.600,13.950,0.250
8.0,27-Oct-04,19.9,68.800,22.500,1.000,0.967,0.100,6.200,0.400,181.500,195.500,16.850,1.600,82.600,0.940,6.430,3.810,0.002,0.003,0.263,0.140,8.120,0.001,0.004,4.0,0.500,0.890,13.700,0.190
8.3,26-Apr-04,19.9,62.400,20.200,1.000,0.600,0.100,6.000,3.400,162.000,179.000,14.500,2.200,74.200,0.800,5.740,3.800,0.012,0.002,0.284,0.150,8.120,0.001,0.004,3.3,0.500,0.740,12.600,0.150
6.0,10-Aug-04,20.5,66.700,21.550,1.000,0.967,0.100,6.400,2.450,178.500,189.500,15.200,2.250,78.300,0.835,5.960,3.980,0.014,0.003,0.222,0.185,8.195,0.001,0.009,4.0,0.500,0.630,13.350,0.300
8.1,28-Oct-04,20.7,70.200,22.400,1.000,0.733,0.100,6.200,1.100,184.000,196.000,16.550,1.850,82.200,0.870,6.380,3.880,0.009,0.003,0.250,0.175,8.130,0.001,0.005,2.3,0.500,0.540,13.450,0.220
9.8,26-Apr-04,13.2,67.100,21.600,1.000,0.500,0.100,5.900,1.900,171.000,190.000,15.100,2.000,79.000,0.840,6.080,3.820,0.013,0.002,0.290,0.140,8.160,0.001,0.006,2.2,0.500,0.720,13.400,0.100
6.3,10-Aug-04,13.4,69.950,22.100,1.000,0.600,0.100,6.400,0.900,186.000,195.500,16.100,1.900,80.600,0.860,6.190,3.960,0.008,0.005,0.250,0.150,8.180,0.001,0.006,2.1,0.500,0.640,13.800,0.200
> 13.8,28-Oct-04,13.8,72.100,23.600,1.000,0.500,0.100,6.250,0.550,190.000,203.000,17.200,1.650,86.100,0.890,6.630,3.860,0.011,0.003,0.257,0.150,8.160,0.001,0.003,1.7,0.500,0.460,14.050,0.130
12.0,26-Apr-04,17.2,70.200,22.700,1.000,0.400,0.100,6.000,1.700,178.000,198.000,16.300,1.800,83.200,0.850,6.420,3.860,0.011,0.002,0.304,0.130,8.210,0.001,0.002,2.2,0.600,0.720,13.800,0.210
10.3,09-Aug-04,17.1,68.300,22.700,1.000,0.700,0.100,6.400,1.400,181.000,195.500,15.550,1.900,82.100,0.835,6.200,4.050,0.009,0.003,0.230,0.160,8.095,0.001,0.008,4.6,0.500,0.630,13.500,0.260
11.9,28-Oct-04,16.1,72.650,23.300,1.000,0.500,0.100,6.200,0.550,191.000,203.000,17.300,1.750,85.800,0.875,6.710,3.850,0.009,0.003,0.261,0.145,8.130,0.001,0.004,2.4,0.500,1.220,13.950,0.205
12.1,26-Apr-04,20.0,71.900,22.700,1.000,0.500,0.100,6.100,2.000,179.000,199.000,16.500,1.700,83.400,0.850,6.460,3.840,0.008,0.002,0.292,0.120,8.160,0.001,0.002,2.1,0.600,0.740,13.900,0.180
10.4,09-Aug-04,20.8,70.800,23.650,1.000,0.667,0.100,6.350,0.600,187.500,201.500,16.050,1.750,85.200,0.850,6.350,3.980,0.006,0.003,0.254,0.145,8.085,0.001,0.008,2.5,0.500,0.620,14.000,0.145
13.5,28-Oct-04,23.5,73.350,23.550,1.000,0.533,0.100,6.300,0.350,190.500,204.000,17.200,1.600,86.300,0.875,6.680,3.860,0.008,0.003,0.262,0.140,8.195,0.001,0.004,2.5,0.500,0.670,13.850,0.120
4.6,26-Apr-04,31.9,17.900,6.350,1.000,1.100,0.100,6.200,12.700,71.000,76.500,3.800,3.800,23.000,0.540,1.720,4.160,0.002,0.002,0.192,0.210,7.490,0.001,0.003,5.3,0.600,1.100,6.700,0.330
3.8,09-Aug-04,34.7,19.950,7.200,4.000,5.067,0.100,6.500,10.250,77.000,81.400,3.700,3.800,25.700,0.550,1.880,4.210,0.004,0.004,0.019,0.240,7.600,0.001,0.009,5.3,0.850,0.690,6.850,0.605
5.6,28-Oct-04,32.3,21.000,8.000,2.000,2.800,0.300,6.400,9.050,80.000,85.950,4.700,3.500,28.700,0.640,2.110,4.160,0.002,0.001,0.080,0.215,7.620,0.001,0.006,3.7,0.500,0.830,7.000,0.350
5.6,26-Apr-04,11.5,21.200,7.650,2.000,1.700,0.100,5.500,11.000,79.000,83.300,4.900,3.300,27.800,0.550,2.120,3.680,0.002,0.002,0.188,0.200,7.640,0.001,0.006,5.3,0.700,1.060,7.400,0.400
4.5,09-Aug-04,11.3,20.600,7.625,3.000,3.967,0.200,6.050,9.500,78.000,82.550,4.250,3.900,27.100,0.550,1.970,3.970,0.003,0.003,0.026,0.225,7.555,0.001,0.009,4.7,0.600,0.640,7.050,0.575
5.0,28-Oct-04,10.8,23.500,8.625,2.000,2.967,0.300,6.200,8.250,85.000,90.500,5.050,3.350,31.200,0.640,2.340,3.980,0.007,0.002,0.060,0.220,7.555,0.001,0.007,6.7,0.650,0.770,7.300,0.540
8.0,26-Apr-04,23.7,53.600,17.300,1.000,0.700,0.100,5.600,6.300,146.000,157.000,12.200,2.500,63.200,0.750,4.900,3.660,0.014,0.002,0.264,0.170,8.040,0.001,0.004,2.4,0.500,0.960,11.400,0.110
6.3,09-Aug-04,23.9,68.100,22.750,1.000,0.700,0.100,6.400,1.750,179.000,194.000,15.350,2.150,81.500,0.845,6.000,4.030,0.009,0.003,0.227,0.160,8.110,0.001,0.010,2.6,0.500,0.630,13.350,0.190
14.5,28-Oct-04,14.5,72.000,24.300,1.000,0.700,0.100,6.300,0.450,188.500,205.000,16.650,1.800,88.300,0.940,6.710,3.860,0.010,0.003,0.240,0.155,8.195,0.001,0.004,2.5,0.500,0.740,13.700,0.165
14.0,26-Apr-04,32.0,72.700,22.500,1.000,0.567,0.100,6.100,2.400,177.000,198.000,15.700,1.900,82.000,0.820,6.260,3.900,0.008,0.002,0.305,0.130,8.180,0.001,0.002,2.2,0.700,0.780,13.600,0.090
12.0,09-Aug-04,31.5,71.600,24.200,1.000,0.600,0.100,6.400,0.900,187.500,204.000,16.350,1.800,86.800,0.875,6.410,3.980,0.006,0.004,0.265,0.145,8.135,0.001,0.005,2.8,0.500,0.610,13.900,0.125
9.0,28-Oct-04,34.0,72.900,25.200,1.000,0.500,0.100,6.250,0.350,191.000,209.500,16.900,1.600,91.400,0.925,6.920,3.920,0.007,0.004,0.269,0.135,8.185,0.001,0.004,2.0,0.500,0.620,14.000,0.085
13.9,27-Apr-05,32.1,72.100,23.050,1.000,0.500,0.100,6.350,0.250,187.000,202.000,16.550,1.700,85.000,0.910,6.680,3.860,0.003,0.004,0.295,0.120,8.140,0.001,0.005,1.7,0.600,0.780,13.950,0.055
9.6,28-Jul-05,35.5,72.150,23.050,1.000,0.900,0.100,6.800,0.800,189.000,200.500,16.550,1.900,83.800,0.875,6.410,4.100,0.003,0.004,0.282,0.175,8.270,0.001,0.002,3.2,0.550,0.610,12.800,0.140
10.5,24-Oct-05,33.5,74.650,,1.000,0.800,0.100,6.650,0.950,189.500,,17.150,1.750,,,,,0.003,0.005,0.268,0.150,8.140,0.001,0.005,4.0,1.000,0.600,13.850,0.250
5.0,27-Apr-04,15.8,41.300,13.800,1.000,0.533,0.100,6.200,10.100,121.000,132.000,9.400,3.000,50.000,0.740,3.820,4.000,0.021,0.002,0.306,0.170,7.910,0.001,0.004,4.7,0.500,0.960,10.000,0.170
4.1,10-Aug-04,14.6,45.850,14.500,2.000,2.967,0.100,6.150,6.250,131.000,138.500,10.350,3.200,52.700,0.690,4.010,3.980,0.012,0.005,0.150,0.210,8.025,0.001,0.011,5.2,1.650,0.480,10.300,0.550
6.5,27-Oct-04,14.9,49.550,16.450,1.333,2.167,0.100,6.250,5.700,143.000,150.500,11.600,2.600,59.900,0.740,4.590,4.000,0.024,0.003,0.215,0.200,7.940,0.001,0.007,7.1,0.500,0.450,10.600,0.370
2.7,26-Apr-04,21.5,14.400,5.900,1.000,1.100,0.100,6.900,34.200,66.000,71.300,3.400,5.100,20.600,0.580,1.420,4.440,0.023,0.003,0.244,0.290,7.300,0.001,0.007,8.5,1.200,1.660,5.500,0.950
4.0,09-Aug-04,22.2,31.650,12.000,3.000,4.233,0.200,7.350,11.300,113.000,116.500,7.600,3.500,43.000,0.665,3.170,4.630,0.004,0.005,0.075,0.230,7.930,0.001,0.010,7.6,0.850,0.580,8.600,0.635
4.3,28-Oct-04,22.4,38.950,13.850,4.000,5.700,0.400,8.050,9.300,125.000,134.000,9.100,3.100,49.900,0.810,3.720,5.010,0.008,0.002,0.127,0.230,7.835,0.001,0.010,6.8,0.650,0.680,9.100,0.540
2.3,26-Apr-04,7.8,13.400,5.400,1.000,1.500,0.133,7.000,35.000,63.000,68.200,2.900,5.300,18.800,0.580,1.260,4.500,0.031,0.004,0.225,0.300,7.260,0.001,0.008,9.7,1.000,1.720,5.200,0.980
4.1,10-Aug-04,6.2,35.050,11.550,3.333,4.600,0.300,7.500,11.150,111.500,118.500,7.700,3.650,41.600,0.685,3.070,4.730,0.017,0.004,0.085,0.235,7.845,0.001,0.010,13.0,0.600,0.560,8.550,0.790
4.0,28-Oct-04,6.5,40.550,14.350,2.667,4.200,0.333,8.300,9.100,126.000,138.000,9.200,3.200,51.200,0.780,3.760,5.290,0.003,0.002,0.137,0.215,7.815,0.001,0.009,6.3,0.700,0.680,9.200,0.490
5.0,27-Apr-04,102.0,41.100,14.100,1.000,0.500,0.100,6.200,10.700,122.000,133.000,10.000,3.300,50.600,0.740,3.760,4.020,0.006,0.002,0.300,0.170,7.900,0.001,0.003,4.6,0.500,0.980,10.000,0.230
4.9,10-Aug-04,104.0,46.300,15.450,3.000,3.333,0.100,6.250,6.350,133.500,142.000,10.300,2.850,55.500,0.710,4.140,3.950,0.004,0.005,0.158,0.205,7.965,0.001,0.008,4.8,1.150,0.500,10.350,0.540
6.0,27-Oct-04,105.0,47.500,16.300,1.667,2.300,0.100,6.250,6.050,137.000,147.500,10.700,2.650,58.900,0.715,4.440,4.090,0.013,0.003,0.204,0.195,7.925,0.001,0.008,4.5,0.500,0.590,10.300,0.410
4.6,27-Apr-04,12.0,43.600,14.200,1.000,1.167,0.100,6.100,10.700,121.000,135.000,9.700,3.100,51.200,0.720,3.840,3.920,0.007,0.002,0.303,0.190,7.920,0.001,0.008,9.6,0.500,0.960,9.900,0.240
3.5,10-Aug-04,12.0,45.850,15.100,2.000,3.000,0.100,6.200,6.550,132.000,140.500,10.100,3.050,54.700,0.705,4.160,4.000,0.009,0.003,0.152,0.210,7.955,0.001,0.011,6.5,1.150,0.500,10.350,0.590
7.0,27-Oct-04,12.0,49.900,16.550,1.667,2.200,0.100,6.300,5.950,142.500,151.000,11.750,2.650,60.000,0.750,4.550,4.040,0.011,0.002,0.207,0.220,7.990,0.001,0.008,4.9,0.500,0.530,10.500,0.285
3.9,27-Apr-04,15.4,37.000,12.900,2.000,1.700,0.100,6.000,13.800,112.000,122.000,8.500,3.500,46.200,0.710,3.420,3.920,0.011,0.002,0.295,0.190,7.880,0.001,0.003,5.5,0.500,1.060,9.100,0.390
3.2,10-Aug-04,15.4,43.600,14.250,2.000,2.900,0.100,6.200,7.000,126.000,134.500,9.500,3.050,51.600,0.690,3.910,3.970,0.008,0.003,0.144,0.215,8.020,0.001,0.009,4.1,1.300,0.460,10.000,0.615
4.6,27-Oct-04,15.8,47.000,15.350,2.000,3.000,0.100,6.300,6.250,136.500,143.500,10.550,2.700,56.200,0.715,4.360,4.070,0.006,0.002,0.180,0.185,7.890,0.001,0.006,3.4,0.750,0.500,10.100,0.390